{
  "avg_reward": 10.41,
  "std_reward": 14.280472681252538,
  "success_rate": 0.347,
  "avg_episode_length": 661.488,
  "std_episode_length": 464.37350684120645,
  "avg_success_episode_length": 24.461095100864554,
  "std_success_episode_length": 2.0806676936682025,
  "episode_rewards": [
    0.0,
    30.0,
    30.0,
    0.0,
    30.0,
    0.0,
    0.0,
    30.0,
    0.0,
    30.0,
    0.0,
    0.0,
    30.0,
    30.0,
    0.0,
    30.0,
    30.0,
    0.0,
    0.0,
    0.0,
    0.0,
    30.0,
    0.0,
    30.0,
    0.0,
    0.0,
    0.0,
    0.0,
    0.0,
    30.0,
    0.0,
    0.0,
    0.0,
    0.0,
    30.0,
    0.0,
    0.0,
    30.0,
    0.0,
    30.0,
    30.0,
    30.0,
    30.0,
    30.0,
    30.0,
    0.0,
    30.0,
    0.0,
    0.0,
    30.0,
    0.0,
    0.0,
    0.0,
    0.0,
    0.0,
    0.0,
    0.0,
    0.0,
    0.0,
    0.0,
    0.0,
    0.0,
    0.0,
    0.0,
    0.0,
    0.0,
    0.0,
    30.0,
    0.0,
    30.0,
    0.0,
    30.0,
    30.0,
    0.0,
    30.0,
    0.0,
    0.0,
    0.0,
    30.0,
    0.0,
    0.0,
    0.0,
    0.0,
    30.0,
    30.0,
    0.0,
    30.0,
    0.0,
    0.0,
    0.0,
    30.0,
    0.0,
    0.0,
    30.0,
    0.0,
    30.0,
    0.0,
    0.0,
    0.0,
    30.0,
    30.0,
    0.0,
    30.0,
    0.0,
    0.0,
    0.0,
    0.0,
    0.0,
    0.0,
    30.0,
    0.0,
    0.0,
    0.0,
    0.0,
    0.0,
    0.0,
    0.0,
    30.0,
    0.0,
    0.0,
    0.0,
    30.0,
    0.0,
    30.0,
    0.0,
    0.0,
    30.0,
    0.0,
    0.0,
    30.0,
    0.0,
    0.0,
    0.0,
    30.0,
    0.0,
    0.0,
    0.0,
    0.0,
    30.0,
    30.0,
    30.0,
    30.0,
    0.0,
    30.0,
    30.0,
    0.0,
    0.0,
    0.0,
    30.0,
    0.0,
    0.0,
    30.0,
    0.0,
    30.0,
    0.0,
    0.0,
    30.0,
    0.0,
    30.0,
    0.0,
    30.0,
    0.0,
    30.0,
    0.0,
    30.0,
    30.0,
    30.0,
    0.0,
    0.0,
    30.0,
    0.0,
    30.0,
    0.0,
    0.0,
    30.0,
    0.0,
    0.0,
    30.0,
    30.0,
    30.0,
    0.0,
    30.0,
    0.0,
    30.0,
    0.0,
    30.0,
    30.0,
    0.0,
    0.0,
    0.0,
    30.0,
    0.0,
    0.0,
    0.0,
    30.0,
    0.0,
    0.0,
    0.0,
    0.0,
    30.0,
    30.0,
    0.0,
    30.0,
    30.0,
    0.0,
    0.0,
    0.0,
    30.0,
    0.0,
    0.0,
    30.0,
    30.0,
    0.0,
    0.0,
    0.0,
    0.0,
    0.0,
    0.0,
    30.0,
    30.0,
    0.0,
    30.0,
    30.0,
    30.0,
    30.0,
    30.0,
    30.0,
    30.0,
    0.0,
    0.0,
    0.0,
    30.0,
    0.0,
    0.0,
    0.0,
    0.0,
    0.0,
    0.0,
    30.0,
    0.0,
    0.0,
    0.0,
    30.0,
    30.0,
    0.0,
    30.0,
    0.0,
    0.0,
    0.0,
    0.0,
    0.0,
    0.0,
    30.0,
    0.0,
    30.0,
    30.0,
    30.0,
    30.0,
    0.0,
    0.0,
    0.0,
    0.0,
    0.0,
    0.0,
    0.0,
    30.0,
    0.0,
    0.0,
    0.0,
    0.0,
    0.0,
    30.0,
    0.0,
    30.0,
    30.0,
    30.0,
    0.0,
    0.0,
    30.0,
    0.0,
    0.0,
    0.0,
    30.0,
    0.0,
    30.0,
    0.0,
    0.0,
    0.0,
    30.0,
    30.0,
    0.0,
    0.0,
    0.0,
    0.0,
    0.0,
    30.0,
    0.0,
    30.0,
    0.0,
    30.0,
    30.0,
    30.0,
    30.0,
    0.0,
    30.0,
    0.0,
    0.0,
    0.0,
    30.0,
    0.0,
    0.0,
    0.0,
    30.0,
    0.0,
    0.0,
    30.0,
    0.0,
    0.0,
    30.0,
    0.0,
    0.0,
    0.0,
    30.0,
    30.0,
    30.0,
    0.0,
    0.0,
    0.0,
    0.0,
    0.0,
    30.0,
    30.0,
    0.0,
    0.0,
    30.0,
    0.0,
    30.0,
    0.0,
    0.0,
    30.0,
    30.0,
    0.0,
    0.0,
    0.0,
    0.0,
    30.0,
    0.0,
    0.0,
    0.0,
    0.0,
    0.0,
    30.0,
    0.0,
    0.0,
    30.0,
    0.0,
    0.0,
    30.0,
    30.0,
    0.0,
    30.0,
    0.0,
    0.0,
    0.0,
    0.0,
    0.0,
    30.0,
    0.0,
    0.0,
    30.0,
    30.0,
    0.0,
    0.0,
    0.0,
    0.0,
    0.0,
    0.0,
    0.0,
    0.0,
    0.0,
    0.0,
    30.0,
    0.0,
    30.0,
    0.0,
    30.0,
    30.0,
    0.0,
    30.0,
    0.0,
    0.0,
    0.0,
    0.0,
    30.0,
    0.0,
    0.0,
    0.0,
    0.0,
    30.0,
    0.0,
    30.0,
    30.0,
    0.0,
    0.0,
    0.0,
    0.0,
    0.0,
    30.0,
    0.0,
    0.0,
    30.0,
    30.0,
    0.0,
    30.0,
    0.0,
    0.0,
    30.0,
    0.0,
    0.0,
    0.0,
    30.0,
    0.0,
    0.0,
    0.0,
    0.0,
    0.0,
    0.0,
    30.0,
    0.0,
    0.0,
    30.0,
    0.0,
    0.0,
    0.0,
    30.0,
    0.0,
    0.0,
    0.0,
    0.0,
    0.0,
    30.0,
    0.0,
    0.0,
    30.0,
    0.0,
    0.0,
    30.0,
    0.0,
    30.0,
    0.0,
    0.0,
    30.0,
    0.0,
    0.0,
    0.0,
    0.0,
    0.0,
    0.0,
    0.0,
    30.0,
    30.0,
    0.0,
    30.0,
    0.0,
    0.0,
    30.0,
    0.0,
    0.0,
    30.0,
    30.0,
    0.0,
    0.0,
    0.0,
    30.0,
    0.0,
    30.0,
    0.0,
    0.0,
    30.0,
    0.0,
    30.0,
    0.0,
    0.0,
    30.0,
    0.0,
    0.0,
    0.0,
    0.0,
    30.0,
    30.0,
    0.0,
    30.0,
    0.0,
    0.0,
    0.0,
    0.0,
    0.0,
    0.0,
    0.0,
    30.0,
    0.0,
    0.0,
    30.0,
    30.0,
    0.0,
    0.0,
    0.0,
    0.0,
    30.0,
    0.0,
    30.0,
    30.0,
    30.0,
    0.0,
    0.0,
    0.0,
    30.0,
    0.0,
    30.0,
    0.0,
    30.0,
    0.0,
    0.0,
    30.0,
    30.0,
    0.0,
    30.0,
    30.0,
    30.0,
    0.0,
    0.0,
    30.0,
    30.0,
    0.0,
    0.0,
    30.0,
    30.0,
    30.0,
    0.0,
    30.0,
    30.0,
    0.0,
    30.0,
    0.0,
    30.0,
    0.0,
    0.0,
    0.0,
    30.0,
    30.0,
    30.0,
    0.0,
    0.0,
    0.0,
    30.0,
    30.0,
    30.0,
    0.0,
    0.0,
    0.0,
    30.0,
    30.0,
    30.0,
    0.0,
    30.0,
    0.0,
    0.0,
    0.0,
    0.0,
    0.0,
    0.0,
    0.0,
    0.0,
    0.0,
    0.0,
    0.0,
    0.0,
    0.0,
    0.0,
    30.0,
    0.0,
    0.0,
    0.0,
    0.0,
    0.0,
    0.0,
    30.0,
    30.0,
    0.0,
    30.0,
    30.0,
    0.0,
    0.0,
    30.0,
    0.0,
    0.0,
    30.0,
    0.0,
    0.0,
    30.0,
    0.0,
    0.0,
    30.0,
    0.0,
    0.0,
    0.0,
    30.0,
    0.0,
    30.0,
    0.0,
    30.0,
    30.0,
    0.0,
    30.0,
    0.0,
    30.0,
    30.0,
    0.0,
    0.0,
    0.0,
    0.0,
    0.0,
    30.0,
    0.0,
    30.0,
    0.0,
    0.0,
    0.0,
    30.0,
    0.0,
    0.0,
    30.0,
    30.0,
    30.0,
    30.0,
    0.0,
    0.0,
    0.0,
    0.0,
    0.0,
    0.0,
    0.0,
    30.0,
    0.0,
    30.0,
    0.0,
    0.0,
    0.0,
    0.0,
    0.0,
    30.0,
    30.0,
    0.0,
    0.0,
    0.0,
    0.0,
    30.0,
    0.0,
    0.0,
    30.0,
    30.0,
    0.0,
    0.0,
    30.0,
    0.0,
    30.0,
    0.0,
    30.0,
    0.0,
    0.0,
    30.0,
    0.0,
    0.0,
    0.0,
    0.0,
    0.0,
    0.0,
    30.0,
    0.0,
    0.0,
    30.0,
    30.0,
    0.0,
    0.0,
    30.0,
    30.0,
    30.0,
    0.0,
    0.0,
    30.0,
    30.0,
    0.0,
    30.0,
    0.0,
    30.0,
    0.0,
    30.0,
    0.0,
    30.0,
    0.0,
    0.0,
    30.0,
    0.0,
    0.0,
    0.0,
    0.0,
    0.0,
    0.0,
    0.0,
    0.0,
    0.0,
    30.0,
    0.0,
    30.0,
    30.0,
    0.0,
    0.0,
    0.0,
    30.0,
    0.0,
    0.0,
    30.0,
    0.0,
    0.0,
    0.0,
    0.0,
    0.0,
    0.0,
    30.0,
    0.0,
    30.0,
    30.0,
    0.0,
    0.0,
    0.0,
    0.0,
    30.0,
    0.0,
    0.0,
    30.0,
    0.0,
    0.0,
    0.0,
    0.0,
    0.0,
    30.0,
    0.0,
    0.0,
    30.0,
    0.0,
    30.0,
    30.0,
    30.0,
    0.0,
    0.0,
    0.0,
    0.0,
    30.0,
    30.0,
    30.0,
    0.0,
    0.0,
    30.0,
    30.0,
    0.0,
    0.0,
    0.0,
    0.0,
    30.0,
    0.0,
    30.0,
    30.0,
    0.0,
    0.0,
    0.0,
    0.0,
    0.0,
    30.0,
    0.0,
    0.0,
    0.0,
    0.0,
    0.0,
    0.0,
    0.0,
    0.0,
    0.0,
    0.0,
    0.0,
    30.0,
    30.0,
    0.0,
    0.0,
    0.0,
    0.0,
    0.0,
    0.0,
    30.0,
    0.0,
    0.0,
    30.0,
    30.0,
    0.0,
    0.0,
    0.0,
    30.0,
    0.0,
    30.0,
    0.0,
    30.0,
    30.0,
    0.0,
    0.0,
    0.0,
    0.0,
    30.0,
    0.0,
    0.0,
    0.0,
    0.0,
    0.0,
    0.0,
    30.0,
    30.0,
