{
  "avg_reward": 19.11,
  "std_reward": 14.4259453763003,
  "success_rate": 0.637,
  "avg_episode_length": 379.982,
  "std_episode_length": 468.06393973046033,
  "avg_success_episode_length": 26.65934065934066,
  "std_success_episode_length": 5.232892726233281,
  "episode_rewards": [
    30.0,
    30.0,
    30.0,
    0.0,
    30.0,
    0.0,
    0.0,
    30.0,
    0.0,
    30.0,
    30.0,
    30.0,
    30.0,
    30.0,
    0.0,
    30.0,
    30.0,
    30.0,
    0.0,
    30.0,
    0.0,
    30.0,
    30.0,
    30.0,
    0.0,
    30.0,
    0.0,
    0.0,
    30.0,
    30.0,
    30.0,
    0.0,
    0.0,
    30.0,
    30.0,
    30.0,
    0.0,
    30.0,
    0.0,
    30.0,
    30.0,
    30.0,
    30.0,
    30.0,
    30.0,
    30.0,
    30.0,
    30.0,
    0.0,
    30.0,
    30.0,
    0.0,
    30.0,
    0.0,
    0.0,
    0.0,
    0.0,
    30.0,
    30.0,
    30.0,
    30.0,
    30.0,
    0.0,
    0.0,
    30.0,
    0.0,
    0.0,
    30.0,
    30.0,
    30.0,
    30.0,
    30.0,
    30.0,
    0.0,
    30.0,
    30.0,
    0.0,
    30.0,
    30.0,
    0.0,
    30.0,
    0.0,
    0.0,
    30.0,
    30.0,
    0.0,
    30.0,
    30.0,
    30.0,
    0.0,
    30.0,
    30.0,
    0.0,
    30.0,
    30.0,
    30.0,
    0.0,
    0.0,
    30.0,
    30.0,
    30.0,
    30.0,
    30.0,
    0.0,
    30.0,
    30.0,
    0.0,
    30.0,
    30.0,
    30.0,
    0.0,
    0.0,
    30.0,
    30.0,
    30.0,
    0.0,
    30.0,
    30.0,
    30.0,
    30.0,
    30.0,
    30.0,
    0.0,
    30.0,
    30.0,
    0.0,
    30.0,
    0.0,
    30.0,
    30.0,
    30.0,
    30.0,
    30.0,
    30.0,
    30.0,
    30.0,
    0.0,
    0.0,
    30.0,
    30.0,
    30.0,
    30.0,
    30.0,
    30.0,
    30.0,
    0.0,
    0.0,
    30.0,
    30.0,
    0.0,
    0.0,
    30.0,
    30.0,
    30.0,
    30.0,
    0.0,
    30.0,
    30.0,
    30.0,
    30.0,
    30.0,
    30.0,
    30.0,
    0.0,
    30.0,
    30.0,
    30.0,
    30.0,
    0.0,
    30.0,
    0.0,
    30.0,
    30.0,
    30.0,
    30.0,
    30.0,
    0.0,
    30.0,
    30.0,
    30.0,
    0.0,
    30.0,
    30.0,
    30.0,
    30.0,
    30.0,
    30.0,
    30.0,
    0.0,
    0.0,
    30.0,
    30.0,
    0.0,
    0.0,
    30.0,
    0.0,
    0.0,
    30.0,
    0.0,
    30.0,
    30.0,
    0.0,
    30.0,
    30.0,
    30.0,
    0.0,
    0.0,
    30.0,
    0.0,
    0.0,
    30.0,
    30.0,
    30.0,
    0.0,
    0.0,
    30.0,
    30.0,
    0.0,
    30.0,
    30.0,
    0.0,
    30.0,
    30.0,
    30.0,
    30.0,
    30.0,
    30.0,
    30.0,
    0.0,
    30.0,
    0.0,
    30.0,
    30.0,
    30.0,
    0.0,
    0.0,
    0.0,
    30.0,
    30.0,
    0.0,
    30.0,
    30.0,
    30.0,
    30.0,
    30.0,
    30.0,
    0.0,
    30.0,
    30.0,
    0.0,
    0.0,
    0.0,
    30.0,
    30.0,
    30.0,
    30.0,
    30.0,
    30.0,
    30.0,
    0.0,
    0.0,
    0.0,
    30.0,
    0.0,
    30.0,
    30.0,
    30.0,
    0.0,
    30.0,
    0.0,
    30.0,
    30.0,
    0.0,
    30.0,
    30.0,
    30.0,
    30.0,
    30.0,
    30.0,
    30.0,
    0.0,
    0.0,
    30.0,
    0.0,
    30.0,
    30.0,
    30.0,
    0.0,
    30.0,
    30.0,
    0.0,
    30.0,
    30.0,
    0.0,
    0.0,
    30.0,
    30.0,
    30.0,
    30.0,
    30.0,
    30.0,
    30.0,
    30.0,
    0.0,
    30.0,
    0.0,
    0.0,
    30.0,
    30.0,
    0.0,
    30.0,
    0.0,
    30.0,
    30.0,
    30.0,
    30.0,
    0.0,
    30.0,
    30.0,
    30.0,
    0.0,
    0.0,
    30.0,
    30.0,
    30.0,
    0.0,
    0.0,
    0.0,
    30.0,
    30.0,
    30.0,
    30.0,
    0.0,
    0.0,
    30.0,
    30.0,
    30.0,
    30.0,
    0.0,
    30.0,
    30.0,
    30.0,
    0.0,
    0.0,
    30.0,
    30.0,
    0.0,
    0.0,
    0.0,
    30.0,
    0.0,
    30.0,
    0.0,
    30.0,
    30.0,
    30.0,
    30.0,
    30.0,
    30.0,
    30.0,
    30.0,
    30.0,
    0.0,
    0.0,
    30.0,
    0.0,
    30.0,
    30.0,
    0.0,
    30.0,
    30.0,
    0.0,
    0.0,
    0.0,
    30.0,
    30.0,
    0.0,
    30.0,
    30.0,
    0.0,
    30.0,
    30.0,
    30.0,
    30.0,
    30.0,
    30.0,
    30.0,
    0.0,
    30.0,
    0.0,
    0.0,
    30.0,
    0.0,
    30.0,
    30.0,
    30.0,
    30.0,
    0.0,
    30.0,
    0.0,
    30.0,
    30.0,
    0.0,
    0.0,
    0.0,
    30.0,
    0.0,
    30.0,
    30.0,
    0.0,
    30.0,
    30.0,
    30.0,
    30.0,
    0.0,
    0.0,
    30.0,
    0.0,
    0.0,
    30.0,
    30.0,
    0.0,
    0.0,
    0.0,
    30.0,
    0.0,
    30.0,
    30.0,
    0.0,
    0.0,
    30.0,
    0.0,
    0.0,
    30.0,
    30.0,
    0.0,
    0.0,
    30.0,
    0.0,
    30.0,
    30.0,
    30.0,
    0.0,
    30.0,
    0.0,
    0.0,
    30.0,
    0.0,
    30.0,
    30.0,
    30.0,
    30.0,
    0.0,
    0.0,
    0.0,
    0.0,
    0.0,
    0.0,
    30.0,
    30.0,
    30.0,
    30.0,
    30.0,
    30.0,
    30.0,
    30.0,
    30.0,
    30.0,
    30.0,
    30.0,
    30.0,
    0.0,
    0.0,
    30.0,
    30.0,
    30.0,
    30.0,
    0.0,
    30.0,
    0.0,
    30.0,
    0.0,
    0.0,
    30.0,
    0.0,
    0.0,
    30.0,
    0.0,
    30.0,
    30.0,
    0.0,
    30.0,
    30.0,
    30.0,
    0.0,
    30.0,
    30.0,
    0.0,
    30.0,
    30.0,
    0.0,
    0.0,
    30.0,
    30.0,
    0.0,
    0.0,
    0.0,
    30.0,
    30.0,
    0.0,
    30.0,
    30.0,
    30.0,
    30.0,
    0.0,
    0.0,
    30.0,
    30.0,
    30.0,
    30.0,
    30.0,
    0.0,
    30.0,
    30.0,
    30.0,
    0.0,
    30.0,
    30.0,
    30.0,
    0.0,
    0.0,
    30.0,
    30.0,
    30.0,
    0.0,
    30.0,
    30.0,
    30.0,
    0.0,
    30.0,
    30.0,
    30.0,
    30.0,
    30.0,
    30.0,
    0.0,
    0.0,
    0.0,
    30.0,
    30.0,
    30.0,
    0.0,
    0.0,
    30.0,
    30.0,
    30.0,
    30.0,
    0.0,
    30.0,
    0.0,
    30.0,
    30.0,
    30.0,
    30.0,
    30.0,
    30.0,
    0.0,
    0.0,
    0.0,
    30.0,
    0.0,
    0.0,
    30.0,
    0.0,
    0.0,
    30.0,
    0.0,
    30.0,
    30.0,
    30.0,
    0.0,
    0.0,
    30.0,
    0.0,
    30.0,
    0.0,
    30.0,
    30.0,
    30.0,
    30.0,
    30.0,
    0.0,
    0.0,
    30.0,
    0.0,
    30.0,
    30.0,
    30.0,
    30.0,
    30.0,
    0.0,
    30.0,
    30.0,
    0.0,
    0.0,
    0.0,
    30.0,
    30.0,
    30.0,
    30.0,
    30.0,
    30.0,
    0.0,
    30.0,
    0.0,
    30.0,
    30.0,
    0.0,
    0.0,
    30.0,
    0.0,
    0.0,
    30.0,
    0.0,
    30.0,
    30.0,
    30.0,
    0.0,
    30.0,
    0.0,
    30.0,
    30.0,
    30.0,
    30.0,
    30.0,
    0.0,
    0.0,
    0.0,
    0.0,
    30.0,
    0.0,
    30.0,
    30.0,
    0.0,
    30.0,
    30.0,
    30.0,
    0.0,
    0.0,
    0.0,
    30.0,
    30.0,
    0.0,
    0.0,
    0.0,
    0.0,
    30.0,
    0.0,
    30.0,
    30.0,
    30.0,
    30.0,
    0.0,
    30.0,
    0.0,
    30.0,
    0.0,
    30.0,
    30.0,
    0.0,
    30.0,
    30.0,
    0.0,
    30.0,
    0.0,
    0.0,
    30.0,
    30.0,
    30.0,
    0.0,
    30.0,
    30.0,
    0.0,
    30.0,
    30.0,
    30.0,
    30.0,
    30.0,
    30.0,
    30.0,
    30.0,
    0.0,
    30.0,
    0.0,
    30.0,
    0.0,
    30.0,
    0.0,
    30.0,
    0.0,
    30.0,
    30.0,
    0.0,
    0.0,
    0.0,
    0.0,
    0.0,
    0.0,
    30.0,
    0.0,
    0.0,
    30.0,
    0.0,
    30.0,
    30.0,
    30.0,
    0.0,
    30.0,
    30.0,
    0.0,
    30.0,
    30.0,
    0.0,
    0.0,
    30.0,
    0.0,
    30.0,
    0.0,
    30.0,
    0.0,
    30.0,
    30.0,
    0.0,
    0.0,
    0.0,
    0.0,
    30.0,
    0.0,
    0.0,
    30.0,
    30.0,
    30.0,
    30.0,
    0.0,
    30.0,
    30.0,
    0.0,
    30.0,
    30.0,
    30.0,
    30.0,
    30.0,
    30.0,
    0.0,
    0.0,
    30.0,
    30.0,
    30.0,
    30.0,
    30.0,
    30.0,
    0.0,
    30.0,
    30.0,
    0.0,
    30.0,
    0.0,
    0.0,
    30.0,
    30.0,
    30.0,
    30.0,
    30.0,
    0.0,
    0.0,
    30.0,
    0.0,
    30.0,
    0.0,
    0.0,
    0.0,
    30.0,
    30.0,
    30.0,
    30.0,
    30.0,
    0.0,
    30.0,
    0.0,
    30.0,
    30.0,
    0.0,
    30.0,
    30.0,
    30.0,
    0.0,
    30.0,
    30.0,
    30.0,
    0.0,
