{
  "avg_reward": 9.21,
  "std_reward": 13.837481707304981,
  "success_rate": 0.307,
  "avg_episode_length": 701.604,
  "std_episode_length": 448.3346999552901,
  "avg_success_episode_length": 28.026058631921824,
  "std_success_episode_length": 5.9966851676421715,
  "episode_rewards": [
    0.0,
    30.0,
    30.0,
    0.0,
    30.0,
    0.0,
    0.0,
    30.0,
    0.0,
    0.0,
    0.0,
    30.0,
    30.0,
    30.0,
    0.0,
    30.0,
    30.0,
    0.0,
    0.0,
    0.0,
    0.0,
    0.0,
    0.0,
    30.0,
    0.0,
    0.0,
    0.0,
    0.0,
    0.0,
    30.0,
    0.0,
    0.0,
    0.0,
    0.0,
    30.0,
    0.0,
    0.0,
    30.0,
    0.0,
    30.0,
    30.0,
    30.0,
    30.0,
    30.0,
    30.0,
    0.0,
    30.0,
    0.0,
    0.0,
    30.0,
    0.0,
    0.0,
    0.0,
    0.0,
    0.0,
    0.0,
    0.0,
    0.0,
    0.0,
    0.0,
    0.0,
    0.0,
    0.0,
    0.0,
    0.0,
    0.0,
    0.0,
    0.0,
    0.0,
    30.0,
    0.0,
    30.0,
    30.0,
    0.0,
    0.0,
    0.0,
    0.0,
    0.0,
    30.0,
    0.0,
    0.0,
    0.0,
    0.0,
    30.0,
    0.0,
    0.0,
    30.0,
    0.0,
    0.0,
    0.0,
    30.0,
    0.0,
    0.0,
    30.0,
    30.0,
    30.0,
    0.0,
    0.0,
    0.0,
    0.0,
    30.0,
    0.0,
    30.0,
    0.0,
    0.0,
    0.0,
    0.0,
    0.0,
    0.0,
    30.0,
    0.0,
    0.0,
    0.0,
    0.0,
    0.0,
    0.0,
    30.0,
    30.0,
    0.0,
    0.0,
    0.0,
    30.0,
    0.0,
    30.0,
    0.0,
    0.0,
    30.0,
    0.0,
    0.0,
    30.0,
    0.0,
    0.0,
    0.0,
    30.0,
    0.0,
    0.0,
    0.0,
    0.0,
    30.0,
    30.0,
    30.0,
    30.0,
    0.0,
    0.0,
    30.0,
    0.0,
    0.0,
    0.0,
    30.0,
    0.0,
    0.0,
    30.0,
    0.0,
    30.0,
    0.0,
    0.0,
    30.0,
    0.0,
    30.0,
    0.0,
    0.0,
    0.0,
    30.0,
    0.0,
    30.0,
    30.0,
    30.0,
    0.0,
    0.0,
    30.0,
    0.0,
    30.0,
    0.0,
    30.0,
    0.0,
    0.0,
    0.0,
    30.0,
    30.0,
    30.0,
    0.0,
    0.0,
    0.0,
    0.0,
    0.0,
    30.0,
    30.0,
    0.0,
    0.0,
    0.0,
    0.0,
    0.0,
    0.0,
    0.0,
    30.0,
    0.0,
    0.0,
    0.0,
    0.0,
    0.0,
    30.0,
    0.0,
    30.0,
    30.0,
    0.0,
    0.0,
    0.0,
    0.0,
    0.0,
    0.0,
    30.0,
    30.0,
    0.0,
    0.0,
    0.0,
    0.0,
    0.0,
    0.0,
    0.0,
    30.0,
    0.0,
    30.0,
    30.0,
    30.0,
    0.0,
    0.0,
    30.0,
    30.0,
    0.0,
    0.0,
    0.0,
    30.0,
    0.0,
    0.0,
    0.0,
    0.0,
    0.0,
    0.0,
    30.0,
    0.0,
    0.0,
    0.0,
    30.0,
    30.0,
    0.0,
    0.0,
    0.0,
    0.0,
    0.0,
    0.0,
    0.0,
    0.0,
    30.0,
    0.0,
    30.0,
    30.0,
    30.0,
    30.0,
    0.0,
    0.0,
    0.0,
    0.0,
    0.0,
    0.0,
    0.0,
    0.0,
    0.0,
    0.0,
    0.0,
    0.0,
    0.0,
    30.0,
    0.0,
    0.0,
    0.0,
    30.0,
    30.0,
    0.0,
    30.0,
    0.0,
    0.0,
    0.0,
    30.0,
    0.0,
    30.0,
    0.0,
    0.0,
    0.0,
    0.0,
    30.0,
    0.0,
    30.0,
    0.0,
    0.0,
    0.0,
    0.0,
    0.0,
    30.0,
    0.0,
    0.0,
    30.0,
    30.0,
    30.0,
    0.0,
    30.0,
    0.0,
    0.0,
    0.0,
    30.0,
    0.0,
    0.0,
    0.0,
    30.0,
    0.0,
    0.0,
    30.0,
    0.0,
    0.0,
    30.0,
    0.0,
    0.0,
    0.0,
    30.0,
    30.0,
    30.0,
    0.0,
    0.0,
    0.0,
    0.0,
    0.0,
    30.0,
    30.0,
    0.0,
    0.0,
    30.0,
    0.0,
    30.0,
    0.0,
    0.0,
    30.0,
    30.0,
    0.0,
    0.0,
    0.0,
    0.0,
    30.0,
    0.0,
    0.0,
    0.0,
    0.0,
    0.0,
    0.0,
    0.0,
    0.0,
    30.0,
    0.0,
    0.0,
    0.0,
    0.0,
    0.0,
    30.0,
    0.0,
    0.0,
    0.0,
    0.0,
    0.0,
    30.0,
    0.0,
    0.0,
    0.0,
    0.0,
    0.0,
    0.0,
    0.0,
    0.0,
    30.0,
    0.0,
    0.0,
    30.0,
    0.0,
    0.0,
    30.0,
    0.0,
    30.0,
    0.0,
    30.0,
    30.0,
    0.0,
    30.0,
    0.0,
    0.0,
    0.0,
    0.0,
    30.0,
    0.0,
    0.0,
    0.0,
    0.0,
    30.0,
    0.0,
    0.0,
    30.0,
    0.0,
    0.0,
    0.0,
    0.0,
    0.0,
    30.0,
    0.0,
    0.0,
    0.0,
    30.0,
    0.0,
    0.0,
    0.0,
    0.0,
    30.0,
    0.0,
    0.0,
    0.0,
    30.0,
    0.0,
    0.0,
    0.0,
    0.0,
    0.0,
    30.0,
    30.0,
    0.0,
    0.0,
    30.0,
    0.0,
    0.0,
    0.0,
    30.0,
    0.0,
    0.0,
    30.0,
    0.0,
    0.0,
    0.0,
    30.0,
    0.0,
    30.0,
    0.0,
    0.0,
    30.0,
    0.0,
    30.0,
    0.0,
    0.0,
    30.0,
    0.0,
    0.0,
    0.0,
    0.0,
    0.0,
    0.0,
    0.0,
    30.0,
    30.0,
    30.0,
    30.0,
    0.0,
    0.0,
    30.0,
    0.0,
    0.0,
    30.0,
    30.0,
    0.0,
    0.0,
    0.0,
    30.0,
    0.0,
    0.0,
    0.0,
    0.0,
    30.0,
    0.0,
    30.0,
    0.0,
    0.0,
    0.0,
    0.0,
    0.0,
    0.0,
    0.0,
    0.0,
    0.0,
    0.0,
    30.0,
    0.0,
    0.0,
    0.0,
    30.0,
    0.0,
    0.0,
    0.0,
    0.0,
    0.0,
    0.0,
    30.0,
    30.0,
    0.0,
    0.0,
    0.0,
    0.0,
    30.0,
    0.0,
    30.0,
    30.0,
    30.0,
    0.0,
    0.0,
    0.0,
    0.0,
    30.0,
    30.0,
    0.0,
    0.0,
    0.0,
    0.0,
    30.0,
    30.0,
    0.0,
    0.0,
    30.0,
    30.0,
    0.0,
    0.0,
    30.0,
    30.0,
    0.0,
    0.0,
    30.0,
    0.0,
    30.0,
    0.0,
    30.0,
    30.0,
    0.0,
    30.0,
    0.0,
    30.0,
    0.0,
    0.0,
    0.0,
    30.0,
    0.0,
    30.0,
    0.0,
    0.0,
    0.0,
    30.0,
    30.0,
    30.0,
    0.0,
    0.0,
    0.0,
    30.0,
    30.0,
    30.0,
    0.0,
    30.0,
    30.0,
    0.0,
    0.0,
    0.0,
    0.0,
    0.0,
    0.0,
    30.0,
    0.0,
    0.0,
    0.0,
    0.0,
    0.0,
    0.0,
    30.0,
    0.0,
    0.0,
    30.0,
    0.0,
    0.0,
    0.0,
    30.0,
    30.0,
    0.0,
    30.0,
    30.0,
    0.0,
    0.0,
    30.0,
    0.0,
    0.0,
    30.0,
    0.0,
    0.0,
    0.0,
    0.0,
    0.0,
    30.0,
    0.0,
    0.0,
    0.0,
    30.0,
    30.0,
    30.0,
    0.0,
    30.0,
    0.0,
    0.0,
    30.0,
    0.0,
    0.0,
    30.0,
    0.0,
    0.0,
    0.0,
    0.0,
    0.0,
    30.0,
    0.0,
    30.0,
    0.0,
    0.0,
    0.0,
    30.0,
    0.0,
    0.0,
    30.0,
    30.0,
    30.0,
    30.0,
    0.0,
    0.0,
    0.0,
    0.0,
    0.0,
    0.0,
    0.0,
    30.0,
    0.0,
    30.0,
    0.0,
    0.0,
    0.0,
    0.0,
    0.0,
    30.0,
    30.0,
    0.0,
    0.0,
    0.0,
    0.0,
    30.0,
    0.0,
    0.0,
    30.0,
    30.0,
    0.0,
    0.0,
    30.0,
    0.0,
    30.0,
    0.0,
    30.0,
    0.0,
    0.0,
    30.0,
    0.0,
    0.0,
    0.0,
    0.0,
    0.0,
    0.0,
    30.0,
    0.0,
    0.0,
    30.0,
    30.0,
    0.0,
    30.0,
    30.0,
    0.0,
    0.0,
    0.0,
    0.0,
    30.0,
    30.0,
    0.0,
    30.0,
    0.0,
    30.0,
    0.0,
    30.0,
    0.0,
    30.0,
    0.0,
    0.0,
    0.0,
    0.0,
    0.0,
    0.0,
    0.0,
    0.0,
    0.0,
    0.0,
    0.0,
    0.0,
    30.0,
    0.0,
    0.0,
    30.0,
    0.0,
    0.0,
    0.0,
    30.0,
    0.0,
    0.0,
    0.0,
    0.0,
    0.0,
    0.0,
    0.0,
    0.0,
    0.0,
    30.0,
    0.0,
    30.0,
    30.0,
    0.0,
    0.0,
    0.0,
    0.0,
    30.0,
    0.0,
    0.0,
    30.0,
    0.0,
    0.0,
    0.0,
    0.0,
    0.0,
    30.0,
    0.0,
    0.0,
    30.0,
    0.0,
    30.0,
    30.0,
    30.0,
    0.0,
    0.0,
    0.0,
    0.0,
    30.0,
    0.0,
    30.0,
    0.0,
    0.0,
    30.0,
    30.0,
    0.0,
    0.0,
    0.0,
    0.0,
    30.0,
    0.0,
    30.0,
    0.0,
    0.0,
    0.0,
    0.0,
    0.0,
    0.0,
    0.0,
    0.0,
    0.0,
    0.0,
    0.0,
    30.0,
    0.0,
    0.0,
    0.0,
    0.0,
    30.0,
    0.0,
    0.0,
    30.0,
    0.0,
    0.0,
    0.0,
    0.0,
    0.0,
    0.0,
    30.0,
    0.0,
    0.0,
    0.0,
    30.0,
    0.0,
    0.0,
    0.0,
    30.0,
    0.0,
    30.0,
    0.0,
    30.0,
    30.0,
    0.0,
    0.0,
    0.0,
    0.0,
    0.0,
    0.0,
    0.0,
    0.0,
    0.0,
    0.0,
    0.0,
    30.0,
    0.0,
    0.0,
    0.0,
    30.0,
    0.0,
