{
  "avg_reward": 14.52,
  "std_reward": 14.99231803291272,
  "success_rate": 0.484,
  "avg_episode_length": 528.19,
  "std_episode_length": 487.1609999784465,
  "avg_success_episode_length": 25.18595041322314,
  "std_success_episode_length": 2.6888445945683617,
  "episode_rewards": [
    30.0,
    30.0,
    30.0,
    0.0,
    30.0,
    0.0,
    0.0,
    30.0,
    0.0,
    30.0,
    30.0,
    30.0,
    30.0,
    30.0,
    0.0,
    30.0,
    30.0,
    0.0,
    0.0,
    30.0,
    0.0,
    30.0,
    30.0,
    30.0,
    0.0,
    0.0,
    0.0,
    0.0,
    30.0,
    30.0,
    30.0,
    0.0,
    0.0,
    0.0,
    30.0,
    0.0,
    0.0,
    30.0,
    0.0,
    30.0,
    30.0,
    30.0,
    30.0,
    30.0,
    30.0,
    30.0,
    30.0,
    30.0,
    0.0,
    30.0,
    30.0,
    0.0,
    0.0,
    0.0,
    0.0,
    0.0,
    0.0,
    0.0,
    30.0,
    30.0,
    30.0,
    0.0,
    0.0,
    0.0,
    0.0,
    0.0,
    0.0,
    30.0,
    30.0,
    30.0,
    0.0,
    30.0,
    30.0,
    0.0,
    30.0,
    0.0,
    0.0,
    30.0,
    30.0,
    0.0,
    30.0,
    0.0,
    0.0,
    30.0,
    30.0,
    0.0,
    30.0,
    0.0,
    30.0,
    0.0,
    30.0,
    0.0,
    0.0,
    30.0,
    30.0,
    30.0,
    0.0,
    0.0,
    0.0,
    30.0,
    30.0,
    30.0,
    30.0,
    0.0,
    30.0,
    0.0,
    0.0,
    0.0,
    30.0,
    30.0,
    0.0,
    0.0,
    0.0,
    0.0,
    0.0,
    0.0,
    30.0,
    30.0,
    0.0,
    0.0,
    0.0,
    30.0,
    0.0,
    30.0,
    0.0,
    0.0,
    30.0,
    0.0,
    0.0,
    30.0,
    0.0,
    30.0,
    0.0,
    30.0,
    30.0,
    0.0,
    0.0,
    0.0,
    30.0,
    30.0,
    30.0,
    30.0,
    30.0,
    30.0,
    30.0,
    0.0,
    0.0,
    30.0,
    30.0,
    0.0,
    0.0,
    30.0,
    0.0,
    30.0,
    0.0,
    0.0,
    30.0,
    0.0,
    30.0,
    0.0,
    30.0,
    30.0,
    30.0,
    0.0,
    30.0,
    30.0,
    30.0,
    30.0,
    0.0,
    30.0,
    0.0,
    30.0,
    0.0,
    30.0,
    30.0,
    30.0,
    0.0,
    30.0,
    30.0,
    30.0,
    0.0,
    30.0,
    30.0,
    30.0,
    0.0,
    30.0,
    30.0,
    0.0,
    0.0,
    0.0,
    30.0,
    30.0,
    0.0,
    0.0,
    30.0,
    0.0,
    0.0,
    0.0,
    0.0,
    30.0,
    30.0,
    0.0,
    30.0,
    30.0,
    0.0,
    0.0,
    0.0,
    30.0,
    0.0,
    0.0,
    30.0,
    30.0,
    0.0,
    0.0,
    0.0,
    30.0,
    0.0,
    0.0,
    30.0,
    30.0,
    0.0,
    30.0,
    30.0,
    30.0,
    30.0,
    30.0,
    30.0,
    30.0,
    0.0,
    30.0,
    0.0,
    30.0,
    0.0,
    30.0,
    0.0,
    0.0,
    0.0,
    30.0,
    30.0,
    0.0,
    30.0,
    0.0,
    30.0,
    30.0,
    0.0,
    30.0,
    0.0,
    0.0,
    30.0,
    0.0,
    0.0,
    0.0,
    30.0,
    0.0,
    30.0,
    30.0,
    30.0,
    30.0,
    30.0,
    0.0,
    0.0,
    0.0,
    0.0,
    0.0,
    30.0,
    30.0,
    0.0,
    0.0,
    0.0,
    0.0,
    0.0,
    30.0,
    0.0,
    30.0,
    30.0,
    30.0,
    30.0,
    30.0,
    30.0,
    0.0,
    0.0,
    0.0,
    30.0,
    0.0,
    30.0,
    30.0,
    0.0,
    0.0,
    30.0,
    30.0,
    0.0,
    30.0,
    0.0,
    0.0,
    0.0,
    30.0,
    30.0,
    30.0,
    0.0,
    30.0,
    30.0,
    30.0,
    30.0,
    0.0,
    30.0,
    0.0,
    0.0,
    30.0,
    30.0,
    0.0,
    30.0,
    0.0,
    30.0,
    0.0,
    30.0,
    30.0,
    0.0,
    0.0,
    30.0,
    0.0,
    0.0,
    0.0,
    30.0,
    30.0,
    30.0,
    0.0,
    0.0,
    0.0,
    0.0,
    30.0,
    30.0,
    30.0,
    0.0,
    0.0,
    30.0,
    0.0,
    30.0,
    0.0,
    0.0,
    30.0,
    30.0,
    0.0,
    0.0,
    0.0,
    30.0,
    30.0,
    0.0,
    0.0,
    0.0,
    0.0,
    0.0,
    30.0,
    0.0,
    30.0,
    30.0,
    30.0,
    0.0,
    30.0,
    30.0,
    0.0,
    30.0,
    0.0,
    0.0,
    0.0,
    0.0,
    0.0,
    30.0,
    30.0,
    0.0,
    30.0,
    30.0,
    0.0,
    0.0,
    0.0,
    0.0,
    30.0,
    0.0,
    0.0,
    30.0,
    0.0,
    0.0,
    30.0,
    30.0,
    30.0,
    0.0,
    30.0,
    30.0,
    0.0,
    30.0,
    0.0,
    0.0,
    0.0,
    0.0,
    30.0,
    0.0,
    0.0,
    30.0,
    0.0,
    30.0,
    0.0,
    30.0,
    30.0,
    0.0,
    0.0,
    0.0,
    30.0,
    0.0,
    30.0,
    0.0,
    0.0,
    30.0,
    30.0,
    0.0,
    30.0,
    0.0,
    0.0,
    30.0,
    0.0,
    0.0,
    30.0,
    30.0,
    0.0,
    0.0,
    0.0,
    30.0,
    0.0,
    30.0,
    30.0,
    0.0,
    0.0,
    30.0,
    0.0,
    0.0,
    0.0,
    30.0,
    0.0,
    0.0,
    30.0,
    0.0,
    0.0,
    30.0,
    30.0,
    0.0,
    30.0,
    0.0,
    0.0,
    30.0,
    0.0,
    30.0,
    0.0,
    30.0,
    30.0,
    0.0,
    0.0,
    0.0,
    0.0,
    0.0,
    0.0,
    0.0,
    30.0,
    30.0,
    30.0,
    30.0,
    0.0,
    30.0,
    30.0,
    0.0,
    30.0,
    30.0,
    30.0,
    0.0,
    0.0,
    0.0,
    30.0,
    30.0,
    30.0,
    30.0,
    0.0,
    30.0,
    0.0,
    30.0,
    0.0,
    0.0,
    30.0,
    0.0,
    0.0,
    30.0,
    0.0,
    30.0,
    30.0,
    0.0,
    30.0,
    30.0,
    0.0,
    0.0,
    30.0,
    0.0,
    0.0,
    0.0,
    30.0,
    0.0,
    0.0,
    30.0,
    30.0,
    0.0,
    0.0,
    0.0,
    30.0,
    30.0,
    0.0,
    30.0,
    30.0,
    30.0,
    0.0,
    0.0,
    0.0,
    30.0,
    30.0,
    30.0,
    30.0,
    30.0,
    0.0,
    0.0,
    30.0,
    30.0,
    0.0,
    30.0,
    30.0,
    30.0,
    0.0,
    0.0,
    30.0,
    30.0,
    0.0,
    0.0,
    30.0,
    30.0,
    30.0,
    0.0,
    30.0,
    30.0,
    30.0,
    30.0,
    30.0,
    30.0,
    0.0,
    0.0,
    0.0,
    30.0,
    30.0,
    30.0,
    0.0,
    0.0,
    30.0,
    30.0,
    30.0,
    30.0,
    0.0,
    0.0,
    0.0,
    30.0,
    30.0,
    30.0,
    0.0,
    30.0,
    30.0,
    0.0,
    0.0,
    0.0,
    0.0,
    0.0,
    0.0,
    30.0,
    0.0,
    0.0,
    0.0,
    0.0,
    0.0,
    0.0,
    30.0,
    0.0,
    0.0,
    30.0,
    0.0,
    0.0,
    0.0,
    30.0,
    30.0,
    30.0,
    30.0,
    30.0,
    0.0,
    0.0,
    30.0,
    0.0,
    30.0,
    30.0,
    0.0,
    0.0,
    30.0,
    0.0,
    0.0,
    30.0,
    0.0,
    0.0,
    0.0,
    30.0,
    30.0,
    30.0,
    0.0,
    30.0,
    30.0,
    0.0,
    30.0,
    0.0,
    30.0,
    30.0,
    0.0,
    0.0,
    0.0,
    0.0,
    0.0,
    30.0,
    0.0,
    30.0,
    0.0,
    30.0,
    0.0,
    30.0,
    0.0,
    0.0,
    30.0,
    30.0,
    30.0,
    30.0,
    0.0,
    0.0,
    0.0,
    0.0,
    0.0,
    0.0,
    0.0,
    30.0,
    0.0,
    30.0,
    0.0,
    30.0,
    0.0,
    0.0,
    0.0,
    30.0,
    30.0,
    0.0,
    0.0,
    0.0,
    0.0,
    30.0,
    0.0,
    30.0,
    30.0,
    30.0,
    0.0,
    0.0,
    30.0,
    0.0,
    30.0,
    0.0,
    30.0,
    30.0,
    0.0,
    30.0,
    0.0,
    0.0,
    30.0,
    0.0,
    0.0,
    30.0,
    30.0,
    30.0,
    0.0,
    30.0,
    30.0,
    0.0,
    30.0,
    30.0,
    30.0,
    30.0,
    30.0,
    30.0,
    30.0,
    30.0,
    0.0,
    30.0,
    0.0,
    30.0,
    0.0,
    30.0,
    0.0,
    30.0,
    0.0,
    30.0,
    30.0,
    0.0,
    0.0,
    0.0,
    0.0,
    0.0,
    0.0,
    0.0,
    0.0,
    0.0,
    30.0,
    0.0,
    30.0,
    30.0,
    0.0,
    0.0,
    0.0,
    30.0,
    0.0,
    30.0,
    30.0,
    0.0,
    0.0,
    0.0,
    0.0,
    0.0,
    0.0,
    30.0,
    0.0,
    30.0,
    30.0,
    0.0,
    0.0,
    0.0,
    0.0,
    30.0,
    0.0,
    0.0,
    30.0,
    0.0,
    0.0,
    0.0,
    0.0,
    30.0,
    30.0,
    0.0,
    0.0,
    30.0,
    30.0,
    30.0,
    30.0,
    30.0,
    0.0,
    0.0,
    0.0,
    30.0,
    30.0,
    30.0,
    30.0,
    0.0,
    0.0,
    30.0,
    30.0,
    0.0,
    0.0,
    0.0,
    0.0,
    30.0,
    30.0,
    30.0,
    30.0,
    30.0,
    0.0,
    0.0,
    0.0,
    0.0,
    30.0,
    0.0,
    0.0,
    0.0,
    30.0,
    30.0,
    30.0,
    30.0,
    0.0,
    0.0,
    30.0,
    0.0,
    30.0,
    30.0,
    0.0,
    0.0,
    0.0,
    30.0,
    0.0,
    0.0,
    30.0,
    30.0,
    0.0,
    30.0,
    30.0,
    0.0,
    30.0,
    0.0,
    30.0,
    0.0,
    30.0,
    30.0,
    30.0,
    30.0,
    0.0,
