{
  "avg_reward": -115.756,
  "std_reward": 190.52327013779708,
  "success_rate": 0.69,
  "avg_episode_length": 136.456,
  "std_episode_length": 176.64848729609886,
  "episode_rewards": [
    12.0,
    12.0,
    12.0,
    12.0,
    12.0,
    -400.0,
    12.0,
    12.0,
    12.0,
    12.0,
    -400.0,
    12.0,
    12.0,
    -400.0,
    12.0,
    12.0,
    12.0,
    12.0,
    -400.0,
    -400.0,
    -400.0,
    12.0,
    -400.0,
    12.0,
    -400.0,
    12.0,
    -400.0,
    12.0,
    -400.0,
    12.0,
    12.0,
    12.0,
    -400.0,
    -400.0,
    12.0,
    12.0,
    -400.0,
    12.0,
    12.0,
    -400.0,
    12.0,
    -400.0,
    -400.0,
    12.0,
    -400.0,
    12.0,
    12.0,
    12.0,
    12.0,
    10.0,
    -400.0,
    -400.0,
    10.0,
    -400.0,
    12.0,
    10.0,
    -400.0,
    12.0,
    12.0,
    -400.0,
    12.0,
    12.0,
    12.0,
    12.0,
    12.0,
    12.0,
    12.0,
    -400.0,
    -400.0,
    12.0,
    12.0,
    -400.0,
    -400.0,
    12.0,
    12.0,
    -400.0,
    12.0,
    12.0,
    12.0,
    12.0,
    -400.0,
    12.0,
    12.0,
    12.0,
    12.0,
    12.0,
    -400.0,
    12.0,
    12.0,
    -400.0,
    12.0,
    12.0,
    12.0,
    -400.0,
    10.0,
    12.0,
    -400.0,
    12.0,
    12.0,
    -400.0,
    -400.0,
    12.0,
    12.0,
    12.0,
    -400.0,
    12.0,
    12.0,
    12.0,
    12.0,
    12.0,
    -400.0,
    12.0,
    12.0,
    -400.0,
    12.0,
    12.0,
    12.0,
    12.0,
    12.0,
    12.0,
    12.0,
    12.0,
    -400.0,
    12.0,
    -400.0,
    12.0,
    12.0,
    12.0,
    12.0,
    12.0,
    12.0,
    -400.0,
    12.0,
    12.0,
    -400.0,
    12.0,
    -400.0,
    -400.0,
    12.0,
    12.0,
    12.0,
    12.0,
    12.0,
    12.0,
    12.0,
    12.0,
    -400.0,
    12.0,
    12.0,
    12.0,
    12.0,
    12.0,
    -400.0,
    -400.0,
    12.0,
    12.0,
    -400.0,
    12.0,
    12.0,
    -400.0,
    12.0,
    -400.0,
    12.0,
    12.0,
    12.0,
    -400.0,
    12.0,
    -400.0,
    -400.0,
    -400.0,
    -400.0,
    -400.0,
    12.0,
    -400.0,
    12.0,
    12.0,
    12.0,
    -400.0,
    12.0,
    -400.0,
    12.0,
    -400.0,
    -400.0,
    -400.0,
    -400.0,
    12.0,
    12.0,
    -400.0,
    12.0,
    12.0,
    12.0,
    12.0,
    12.0,
    12.0,
    12.0,
    12.0,
    12.0,
    12.0,
    12.0,
    12.0,
    12.0,
    12.0,
    12.0,
    12.0,
    12.0,
    12.0,
    12.0,
    12.0,
    -400.0,
    -400.0,
    12.0,
    12.0,
    12.0,
    12.0,
    12.0,
    -400.0,
    -400.0,
    12.0,
    -400.0,
    12.0,
    -400.0,
    -400.0,
    12.0,
    12.0,
    -400.0,
    -400.0,
    -400.0,
    12.0,
    12.0,
    12.0,
    -400.0,
    12.0,
    12.0,
    12.0,
    12.0,
    -400.0,
    12.0,
    -400.0,
    12.0,
    -400.0,
    -400.0,
    12.0,
    12.0,
    -400.0,
    -400.0,
    -400.0,
    12.0,
    12.0,
    12.0,
    12.0,
    12.0,
    12.0,
    12.0,
    -400.0,
    -400.0,
    12.0,
    12.0,
    -400.0,
    12.0,
    12.0,
    12.0,
    -400.0,
    12.0,
    12.0,
    12.0,
    12.0,
    12.0,
    -400.0,
    -400.0,
    12.0,
    -400.0,
    -400.0,
    12.0,
    12.0,
    12.0,
    12.0,
    12.0,
    12.0,
    12.0,
    -400.0,
    12.0,
    12.0,
    -400.0,
    12.0,
    12.0,
    12.0,
    12.0,
    12.0,
    12.0,
    -400.0,
    12.0,
    10.0,
    -400.0,
    12.0,
    12.0,
    12.0,
    -400.0,
    12.0,
    -400.0,
    12.0,
    10.0,
    12.0,
    -400.0,
    12.0,
    -400.0,
    12.0,
    12.0,
    -400.0,
    12.0,
    -400.0,
    12.0,
    12.0,
    12.0,
    12.0,
    -400.0,
    12.0,
    12.0,
    12.0,
    12.0,
    -400.0,
    12.0,
    -400.0,
    12.0,
    12.0,
    12.0,
    12.0,
    12.0,
    12.0,
    12.0,
    -400.0,
    12.0,
    12.0,
    12.0,
    12.0,
    12.0,
    12.0,
    -400.0,
    12.0,
    12.0,
    12.0,
    12.0,
    12.0,
    -400.0,
    12.0,
    12.0,
    12.0,
    12.0,
    -400.0,
    12.0,
    -400.0,
    12.0,
    -400.0,
    12.0,
    12.0,
    12.0,
    -400.0,
    12.0,
    12.0,
    12.0,
    -400.0,
    -400.0,
    12.0,
    12.0,
    -400.0,
    12.0,
    12.0,
    12.0,
    12.0,
    -400.0,
    -400.0,
    12.0,
    12.0,
    -400.0,
    -400.0,
    -400.0,
    12.0,
    -400.0,
    -400.0,
    12.0,
    -400.0,
    12.0,
    -400.0,
    12.0,
    12.0,
    12.0,
    12.0,
    12.0,
    -400.0,
    -400.0,
    12.0,
    12.0,
    12.0,
    12.0,
    -400.0,
    12.0,
    12.0,
    12.0,
    12.0,
    12.0,
    10.0,
    -400.0,
    12.0,
    12.0,
    12.0,
    12.0,
    12.0,
    12.0,
    12.0,
    12.0,
    12.0,
    -400.0,
    12.0,
    -400.0,
    12.0,
    -400.0,
    12.0,
    12.0,
    12.0,
    12.0,
    -400.0,
    12.0,
    12.0,
    12.0,
    12.0,
    12.0,
    12.0,
    12.0,
    -400.0,
    12.0,
    -400.0,
    12.0,
    -400.0,
    -400.0,
    12.0,
    -400.0,
    -400.0,
    12.0,
    -400.0,
    12.0,
    12.0,
    12.0,
    -400.0,
    12.0,
    12.0,
    -400.0,
    12.0,
    12.0,
    -400.0,
    12.0,
    12.0,
    12.0,
    12.0,
    12.0,
    12.0,
    12.0,
    12.0,
    12.0,
    12.0,
    12.0,
    -400.0,
    12.0,
    -400.0,
    12.0,
    12.0,
    12.0,
    12.0,
    12.0,
    12.0,
    12.0,
    12.0,
    -400.0,
    12.0,
    12.0,
    12.0,
    12.0,
    12.0,
    -400.0,
    12.0,
    12.0,
    12.0,
    -400.0,
    12.0,
    12.0,
    12.0,
    10.0,
    12.0,
    -400.0,
    -400.0,
    12.0,
    10.0,
    12.0,
    12.0,
    -400.0,
    10.0,
    -400.0,
    12.0,
    12.0,
    12.0,
    12.0,
    -400.0,
    12.0,
    -400.0,
    12.0,
    12.0,
    -400.0,
    12.0,
    -400.0,
    12.0,
    12.0,
    -400.0,
    12.0,
    -400.0,
    12.0,
    -400.0,
    -400.0,
    12.0,
    12.0,
    -400.0,
    12.0,
    -400.0,
    -400.0,
    12.0,
    12.0,
    12.0,
    -400.0,
    -400.0,
    12.0,
    -400.0,
    12.0,
    12.0,
    12.0,
    12.0,
    -400.0,
    12.0,
    12.0,
    12.0,
    -400.0,
    12.0,
    12.0,
    12.0,
    12.0,
    12.0,
    -400.0,
    -400.0,
    12.0,
    12.0,
    12.0,
    12.0,
    12.0,
    12.0,
    -400.0,
    12.0,
    12.0,
    12.0,
    12.0,
    12.0,
    -400.0,
    12.0,
    12.0,
    12.0,
    12.0,
    12.0,
    12.0,
    12.0,
    12.0,
    -400.0,
    12.0,
    12.0,
    12.0,
    12.0,
    12.0,
    10.0,
    -400.0,
    12.0,
    12.0,
    -400.0,
    10.0,
    12.0,
    -400.0,
    -400.0,
    12.0,
    12.0,
    -400.0,
    12.0,
    12.0,
    12.0,
    -400.0,
    12.0,
    12.0,
    -400.0,
    12.0,
    12.0,
    12.0,
    -400.0,
    12.0,
    12.0,
    12.0,
    -400.0,
    12.0,
    -400.0,
    -400.0,
    -400.0,
    12.0,
    10.0,
    12.0,
    12.0,
    -400.0,
    -400.0,
    -400.0,
    -400.0,
    -400.0,
    12.0,
    -400.0,
    -400.0,
    12.0,
    12.0,
    12.0,
    12.0,
    12.0,
    12.0,
    12.0,
    -400.0,
    -400.0,
    -400.0,
    12.0,
    -400.0,
    12.0,
    -400.0,
    12.0,
    12.0,
    12.0,
    12.0,
    -400.0,
    12.0,
    12.0,
    -400.0,
    12.0,
    12.0,
    -400.0,
    -400.0,
    -400.0,
    -400.0,
    12.0,
    12.0,
    12.0,
    12.0,
    -400.0,
    12.0,
    12.0,
    12.0,
    -400.0,
    -400.0,
    12.0,
    12.0,
    12.0,
    12.0,
    12.0,
    12.0,
    -400.0,
    -400.0,
    12.0,
    12.0,
    -400.0,
    12.0,
    12.0,
    -400.0,
    -400.0,
    12.0,
    12.0,
    -400.0,
    12.0,
    12.0,
    -400.0,
    -400.0,
    -400.0,
    -400.0,
    12.0,
    12.0,
    12.0,
    12.0,
    -400.0,
    -400.0,
    -400.0,
    -400.0,
    12.0,
    -400.0,
    12.0,
    -400.0,
    10.0,
    12.0,
    -400.0,
    12.0,
    12.0,
    -400.0,
    12.0,
    12.0,
    -400.0,
    -400.0,
    -400.0,
    -400.0,
    12.0,
    12.0,
    12.0,
    -400.0,
    12.0,
    12.0,
    -400.0,
    12.0,
    12.0,
    12.0,
    12.0,
    12.0,
    12.0,
    -400.0,
    12.0,
    -400.0,
    12.0,
    12.0,
    12.0,
    12.0,
    -400.0,
    -400.0,
    12.0,
    12.0,
    12.0,
    12.0,
    12.0,
    -400.0,
    12.0,
    12.0,
    12.0,
    12.0,
    12.0,
    12.0,
    12.0,
