{
  "avg_reward": -389.042,
  "std_reward": 490.57698910160883,
  "success_rate": 0.608,
  "avg_episode_length": 407.282,
  "std_episode_length": 475.9312476356223,
  "avg_success_episode_length": 25.13486842105263,
  "std_success_episode_length": 2.8873991180468117,
  "episode_rewards": [
    8.0,
    8.0,
    4.0,
    -1000.0,
    4.0,
    -1000.0,
    -1000.0,
    8.0,
    -1000.0,
    4.0,
    2.0,
    4.0,
    4.0,
    4.0,
    -1000.0,
    8.0,
    8.0,
    -1000.0,
    -1000.0,
    4.0,
    -1000.0,
    4.0,
    -2.0,
    8.0,
    -1000.0,
    8.0,
    -1000.0,
    -1000.0,
    2.0,
    8.0,
    8.0,
    -1000.0,
    -1000.0,
    8.0,
    8.0,
    -1000.0,
    -1000.0,
    4.0,
    -1000.0,
    4.0,
    4.0,
    8.0,
    8.0,
    8.0,
    8.0,
    -2.0,
    2.0,
    2.0,
    -1000.0,
    4.0,
    2.0,
    -1000.0,
    -1000.0,
    -1000.0,
    6.0,
    -1000.0,
    -1000.0,
    4.0,
    6.0,
    2.0,
    8.0,
    4.0,
    4.0,
    -1000.0,
    8.0,
    -1000.0,
    -1000.0,
    8.0,
    8.0,
    2.0,
    -1000.0,
    4.0,
    4.0,
    -1000.0,
    8.0,
    8.0,
    -1000.0,
    4.0,
    8.0,
    -1000.0,
    -2.0,
    -1000.0,
    -1000.0,
    4.0,
    8.0,
    -1000.0,
    4.0,
    -1000.0,
    2.0,
    -1000.0,
    8.0,
    8.0,
    -1000.0,
    8.0,
    4.0,
    8.0,
    -1000.0,
    -1000.0,
    -1000.0,
    8.0,
    4.0,
    6.0,
    4.0,
    -1000.0,
    6.0,
    8.0,
    -1000.0,
    -1000.0,
    -2.0,
    8.0,
    -1000.0,
    -1000.0,
    8.0,
    -1000.0,
    8.0,
    6.0,
    4.0,
    8.0,
    0.0,
    -1000.0,
    -4.0,
    4.0,
    -1000.0,
    4.0,
    4.0,
    -1000.0,
    8.0,
    -1000.0,
    -1000.0,
    4.0,
    -1000.0,
    -2.0,
    8.0,
    4.0,
    2.0,
    4.0,
    -1000.0,
    -1000.0,
    8.0,
    4.0,
    4.0,
    8.0,
    2.0,
    4.0,
    4.0,
    -1000.0,
    -1000.0,
    6.0,
    4.0,
    -1000.0,
    -1000.0,
    4.0,
    4.0,
    4.0,
    -1000.0,
    -1000.0,
    4.0,
    4.0,
    8.0,
    -1000.0,
    8.0,
    2.0,
    4.0,
    -1000.0,
    4.0,
    2.0,
    8.0,
    6.0,
    -1000.0,
    4.0,
    -1000.0,
    8.0,
    4.0,
    4.0,
    4.0,
    4.0,
    -1000.0,
    4.0,
    8.0,
    8.0,
    -1000.0,
    4.0,
    -2.0,
    6.0,
    8.0,
    8.0,
    4.0,
    8.0,
    -1000.0,
    -1000.0,
    8.0,
    6.0,
    -1000.0,
    -1000.0,
    4.0,
    -1000.0,
    -1000.0,
    8.0,
    -1000.0,
    8.0,
    8.0,
    -1000.0,
    8.0,
    8.0,
    8.0,
    6.0,
    -1000.0,
    4.0,
    -1000.0,
    -1000.0,
    4.0,
    8.0,
    0.0,
    -1000.0,
    -1000.0,
    4.0,
    4.0,
    -1000.0,
    4.0,
    8.0,
    -1000.0,
    4.0,
    4.0,
    8.0,
    4.0,
    8.0,
    4.0,
    8.0,
    -1000.0,
    2.0,
    -1000.0,
    4.0,
    -1000.0,
    4.0,
    -1000.0,
    -1000.0,
    -1000.0,
    8.0,
    8.0,
    -1000.0,
    2.0,
    -1000.0,
    8.0,
    8.0,
    8.0,
    6.0,
    -1000.0,
    -4.0,
    2.0,
    -1000.0,
    -1000.0,
    -1000.0,
    2.0,
    8.0,
    4.0,
    8.0,
    8.0,
    8.0,
    -2.0,
    -1000.0,
    6.0,
    -1000.0,
    8.0,
    -1000.0,
    2.0,
    4.0,
    -1000.0,
    -1000.0,
    -1000.0,
    -1000.0,
    -1000.0,
    4.0,
    -1000.0,
    8.0,
    8.0,
    8.0,
    4.0,
    6.0,
    8.0,
    -1000.0,
    -1000.0,
    -1000.0,
    8.0,
    -1000.0,
    8.0,
    8.0,
    4.0,
    -1000.0,
    8.0,
    4.0,
    -1000.0,
    4.0,
    4.0,
    -1000.0,
    -1000.0,
    8.0,
    6.0,
    4.0,
    8.0,
    8.0,
    4.0,
    8.0,
    4.0,
    -1000.0,
    4.0,
    -1000.0,
    -1000.0,
    2.0,
    2.0,
    -1000.0,
    6.0,
    4.0,
    8.0,
    4.0,
    -2.0,
    8.0,
    -1000.0,
    8.0,
    4.0,
    -1000.0,
    -1000.0,
    -1000.0,
    8.0,
    8.0,
    4.0,
    -1000.0,
    -1000.0,
    -1000.0,
    4.0,
    -2.0,
    8.0,
    4.0,
    -1000.0,
    -1000.0,
    4.0,
    8.0,
    8.0,
    8.0,
    -1000.0,
    4.0,
    8.0,
    -1000.0,
    -1000.0,
    -1000.0,
    6.0,
    4.0,
    -1000.0,
    -1000.0,
    -1000.0,
    8.0,
    -1000.0,
    4.0,
    -1000.0,
    -2.0,
    2.0,
    6.0,
    -4.0,
    4.0,
    6.0,
    4.0,
    8.0,
    8.0,
    -1000.0,
    -1000.0,
    -4.0,
    -1000.0,
    4.0,
    -2.0,
    -1000.0,
    8.0,
    8.0,
    -1000.0,
    2.0,
    -1000.0,
    8.0,
    4.0,
    -1000.0,
    -4.0,
    4.0,
    -1000.0,
    4.0,
    4.0,
    -2.0,
    2.0,
    4.0,
    2.0,
    4.0,
    -1000.0,
    2.0,
    -1000.0,
    -1000.0,
    -4.0,
    -1000.0,
    8.0,
    -1000.0,
    0.0,
    6.0,
    -1000.0,
    2.0,
    -1000.0,
    6.0,
    4.0,
    6.0,
    -1000.0,
    -1000.0,
    -2.0,
    -1000.0,
    4.0,
    0.0,
    -1000.0,
    4.0,
    4.0,
    8.0,
    6.0,
    -1000.0,
    -1000.0,
    4.0,
    -1000.0,
    -1000.0,
    6.0,
    4.0,
    -1000.0,
    2.0,
    -1000.0,
    4.0,
    -1000.0,
    4.0,
    8.0,
    -1000.0,
    -1000.0,
    4.0,
    -1000.0,
    -1000.0,
    8.0,
    8.0,
    -1000.0,
    -1000.0,
    4.0,
    -1000.0,
    0.0,
    4.0,
    4.0,
    -1000.0,
    8.0,
    -1000.0,
    -1000.0,
    8.0,
    -1000.0,
    2.0,
    8.0,
    -2.0,
    8.0,
    -1000.0,
    -1000.0,
    -1000.0,
    -1000.0,
    -1000.0,
    2.0,
    -1000.0,
    4.0,
    4.0,
    4.0,
    8.0,
    -1000.0,
    6.0,
    4.0,
    4.0,
    6.0,
    8.0,
    6.0,
    -1000.0,
    -1000.0,
    -1000.0,
    4.0,
    6.0,
    4.0,
    6.0,
    -1000.0,
    2.0,
    -1000.0,
    4.0,
    -1000.0,
    -1000.0,
    6.0,
    -1000.0,
    6.0,
    2.0,
    -1000.0,
    8.0,
    4.0,
    -1000.0,
    4.0,
    2.0,
    0.0,
    -1000.0,
    4.0,
    8.0,
    -1000.0,
    -1000.0,
    8.0,
    -1000.0,
    -1000.0,
    4.0,
    4.0,
    4.0,
    -1000.0,
    -1000.0,
    -2.0,
    4.0,
    -1000.0,
    8.0,
    4.0,
    8.0,
    8.0,
    -1000.0,
    -1000.0,
    8.0,
    4.0,
    4.0,
    6.0,
    6.0,
    6.0,
    4.0,
    4.0,
    4.0,
    6.0,
    8.0,
    8.0,
    4.0,
    -1000.0,
    4.0,
    4.0,
    4.0,
    -1000.0,
    -1000.0,
    4.0,
    4.0,
    4.0,
    -1000.0,
    8.0,
    8.0,
    6.0,
    4.0,
    8.0,
    4.0,
    -1000.0,
    -1000.0,
    4.0,
    4.0,
    8.0,
    8.0,
    -1000.0,
    -1000.0,
    8.0,
    8.0,
    4.0,
    4.0,
    -1000.0,
    0.0,
    -1000.0,
    4.0,
    4.0,
    4.0,
    4.0,
    4.0,
    4.0,
    -1000.0,
    -1000.0,
    -1000.0,
    8.0,
    -1000.0,
    4.0,
    4.0,
    -1000.0,
    -1000.0,
    0.0,
    -1000.0,
    -4.0,
    8.0,
    6.0,
    -1000.0,
    -1000.0,
    4.0,
    -1000.0,
    -1000.0,
    -1000.0,
    8.0,
    4.0,
    2.0,
    4.0,
    4.0,
    -1000.0,
    -1000.0,
    8.0,
    -1000.0,
    4.0,
    4.0,
    4.0,
    -1000.0,
    8.0,
    -1000.0,
    8.0,
    8.0,
    -1000.0,
    -1000.0,
    -1000.0,
    4.0,
    4.0,
    8.0,
    -4.0,
    4.0,
    8.0,
    6.0,
    8.0,
    -1000.0,
    4.0,
    2.0,
    -1000.0,
    -1000.0,
    -1000.0,
    6.0,
    -1000.0,
    4.0,
    -1000.0,
    8.0,
    4.0,
    6.0,
    -1000.0,
    4.0,
    -1000.0,
    0.0,
    8.0,
    4.0,
    8.0,
    4.0,
    -1000.0,
    -1000.0,
    -1000.0,
    -1000.0,
    8.0,
    -1000.0,
    -4.0,
    4.0,
    -1000.0,
    4.0,
    -1000.0,
    4.0,
    -1000.0,
    -1000.0,
    4.0,
    2.0,
    8.0,
    -1000.0,
    -1000.0,
    -1000.0,
    2.0,
    8.0,
    -1000.0,
    2.0,
    8.0,
    4.0,
    4.0,
    -1000.0,
    4.0,
    -1000.0,
    4.0,
    -1000.0,
    8.0,
    2.0,
    -1000.0,
    8.0,
    8.0,
    -1000.0,
    6.0,
    -1000.0,
    -1000.0,
    -2.0,
    4.0,
    -2.0,
    -1000.0,
    4.0,
    8.0,
    -1000.0,
    4.0,
    4.0,
    8.0,
    6.0,
    2.0,
    6.0,
    4.0,
    4.0,
    -1000.0,
    4.0,
    -1000.0,
    4.0,
    -1000.0,
    4.0,
    -1000.0,
    8.0,
    -1000.0,
    2.0,
    4.0,
    -1000.0,
    -1000.0,
    -1000.0,
    -1000.0,
    4.0,
    4.0,
    -1000.0,
    -1000.0,
    -1000.0,
    4.0,
    -1000.0,
    8.0,
    4.0,
    -1000.0,
    -1000.0,
    -1000.0,
    4.0,
    -1000.0,
    8.0,
    8.0,
    -1000.0,
    -1000.0,
    8.0,
    -1000.0,
    -1000.0,
    -1000.0,
    8.0,
    -1000.0,
