{
  "avg_reward": 21.99,
  "std_reward": 10.408645445013487,
  "success_rate": 0.62,
  "avg_episode_length": 401.072,
  "std_episode_length": 468.9271529950041,
  "avg_success_episode_length": 33.987096774193546,
  "std_success_episode_length": 7.539989814979168,
  "episode_rewards": [
    30.0,
    10.0,
    10.0,
    30.0,
    10.0,
    30.0,
    30.0,
    10.0,
    30.0,
    10.0,
    30.0,
    10.0,
    10.0,
    10.0,
    0.0,
    10.0,
    10.0,
    30.0,
    30.0,
    10.0,
    30.0,
    10.0,
    30.0,
    10.0,
    30.0,
    30.0,
    30.0,
    30.0,
    30.0,
    10.0,
    30.0,
    30.0,
    30.0,
    30.0,
    10.0,
    30.0,
    30.0,
    10.0,
    30.0,
    10.0,
    10.0,
    10.0,
    10.0,
    10.0,
    10.0,
    30.0,
    10.0,
    30.0,
    30.0,
    10.0,
    30.0,
    30.0,
    30.0,
    0.0,
    30.0,
    0.0,
    30.0,
    30.0,
    30.0,
    30.0,
    30.0,
    30.0,
    30.0,
    30.0,
    30.0,
    30.0,
    30.0,
    30.0,
    30.0,
    10.0,
    30.0,
    10.0,
    10.0,
    30.0,
    30.0,
    30.0,
    30.0,
    10.0,
    10.0,
    30.0,
    30.0,
    30.0,
    30.0,
    10.0,
    30.0,
    30.0,
    10.0,
    30.0,
    30.0,
    30.0,
    10.0,
    30.0,
    30.0,
    10.0,
    10.0,
    10.0,
    30.0,
    30.0,
    30.0,
    30.0,
    10.0,
    30.0,
    10.0,
    30.0,
    30.0,
    30.0,
    30.0,
    30.0,
    30.0,
    10.0,
    30.0,
    30.0,
    30.0,
    30.0,
    30.0,
    30.0,
    10.0,
    10.0,
    30.0,
    30.0,
    30.0,
    10.0,
    0.0,
    10.0,
    30.0,
    30.0,
    10.0,
    30.0,
    30.0,
    10.0,
    30.0,
    30.0,
    30.0,
    10.0,
    30.0,
    30.0,
    30.0,
    30.0,
    10.0,
    10.0,
    10.0,
    10.0,
    30.0,
    10.0,
    10.0,
    30.0,
    30.0,
    30.0,
    10.0,
    30.0,
    30.0,
    10.0,
    30.0,
    10.0,
    30.0,
    0.0,
    10.0,
    30.0,
    10.0,
    30.0,
    30.0,
    30.0,
    10.0,
    30.0,
    10.0,
    10.0,
    10.0,
    30.0,
    30.0,
    10.0,
    30.0,
    10.0,
    30.0,
    10.0,
    10.0,
    10.0,
    30.0,
    10.0,
    10.0,
    10.0,
    0.0,
    10.0,
    30.0,
    30.0,
    30.0,
    10.0,
    10.0,
    30.0,
    30.0,
    0.0,
    30.0,
    30.0,
    30.0,
    30.0,
    10.0,
    0.0,
    30.0,
    30.0,
    30.0,
    30.0,
    10.0,
    30.0,
    10.0,
    10.0,
    30.0,
    30.0,
    30.0,
    10.0,
    0.0,
    30.0,
    10.0,
    10.0,
    30.0,
    30.0,
    30.0,
    10.0,
    30.0,
    30.0,
    10.0,
    10.0,
    30.0,
    10.0,
    10.0,
    10.0,
    10.0,
    30.0,
    10.0,
    10.0,
    30.0,
    30.0,
    30.0,
    10.0,
    30.0,
    10.0,
    30.0,
    30.0,
    30.0,
    30.0,
    10.0,
    30.0,
    30.0,
    30.0,
    10.0,
    10.0,
    30.0,
    30.0,
    30.0,
    30.0,
    30.0,
    30.0,
    30.0,
    30.0,
    10.0,
    30.0,
    10.0,
    10.0,
    10.0,
    10.0,
    30.0,
    30.0,
    30.0,
    30.0,
    30.0,
    30.0,
    30.0,
    10.0,
    30.0,
    30.0,
    30.0,
    30.0,
    30.0,
    10.0,
    30.0,
    30.0,
    30.0,
    10.0,
    10.0,
    30.0,
    10.0,
    30.0,
    30.0,
    30.0,
    10.0,
    30.0,
    10.0,
    30.0,
    30.0,
    30.0,
    30.0,
    10.0,
    30.0,
    10.0,
    30.0,
    30.0,
    30.0,
    30.0,
    30.0,
    10.0,
    30.0,
    30.0,
    10.0,
    10.0,
    10.0,
    30.0,
    10.0,
    30.0,
    30.0,
    30.0,
    10.0,
    30.0,
    30.0,
    30.0,
    10.0,
    30.0,
    30.0,
    10.0,
    30.0,
    30.0,
    10.0,
    30.0,
    30.0,
    30.0,
    10.0,
    10.0,
    10.0,
    30.0,
    30.0,
    0.0,
    30.0,
    30.0,
    10.0,
    10.0,
    0.0,
    30.0,
    10.0,
    30.0,
    10.0,
    30.0,
    30.0,
    10.0,
    10.0,
    30.0,
    30.0,
    0.0,
    30.0,
    10.0,
    30.0,
    30.0,
    30.0,
    30.0,
    30.0,
    10.0,
    30.0,
    30.0,
    10.0,
    30.0,
    30.0,
    10.0,
    30.0,
    30.0,
    10.0,
    30.0,
    0.0,
    30.0,
    30.0,
    30.0,
    10.0,
    30.0,
    30.0,
    30.0,
    30.0,
    30.0,
    30.0,
    30.0,
    30.0,
    10.0,
    30.0,
    30.0,
    10.0,
    30.0,
    30.0,
    10.0,
    30.0,
    10.0,
    30.0,
    10.0,
    10.0,
    30.0,
    10.0,
    0.0,
    30.0,
    30.0,
    30.0,
    10.0,
    30.0,
    30.0,
    30.0,
    0.0,
    10.0,
    30.0,
    30.0,
    10.0,
    30.0,
    30.0,
    30.0,
    30.0,
    30.0,
    10.0,
    30.0,
    30.0,
    10.0,
    10.0,
    30.0,
    30.0,
    30.0,
    30.0,
    10.0,
    30.0,
    30.0,
    30.0,
    10.0,
    30.0,
    30.0,
    30.0,
    10.0,
    30.0,
    10.0,
    10.0,
    30.0,
    30.0,
    10.0,
    30.0,
    0.0,
    30.0,
    10.0,
    30.0,
    30.0,
    10.0,
    30.0,
    30.0,
    10.0,
    10.0,
    30.0,
    10.0,
    30.0,
    30.0,
    10.0,
    30.0,
    10.0,
    30.0,
    30.0,
    10.0,
    0.0,
    30.0,
    30.0,
    30.0,
    30.0,
    30.0,
    30.0,
    10.0,
    10.0,
    10.0,
    10.0,
    30.0,
    30.0,
    10.0,
    30.0,
    30.0,
    10.0,
    10.0,
    30.0,
    30.0,
    30.0,
    10.0,
    30.0,
    10.0,
    30.0,
    30.0,
    10.0,
    0.0,
    10.0,
    30.0,
    30.0,
    30.0,
    30.0,
    30.0,
    30.0,
    30.0,
    30.0,
    10.0,
    30.0,
    10.0,
    30.0,
    30.0,
    30.0,
    10.0,
    30.0,
    30.0,
    30.0,
    30.0,
    30.0,
    30.0,
    10.0,
    10.0,
    30.0,
    0.0,
    30.0,
    30.0,
    10.0,
    30.0,
    10.0,
    10.0,
    10.0,
    30.0,
    0.0,
    30.0,
    30.0,
    10.0,
    10.0,
    30.0,
    30.0,
    30.0,
    30.0,
    10.0,
    10.0,
    30.0,
    30.0,
    10.0,
    10.0,
    30.0,
    30.0,
    10.0,
    10.0,
    30.0,
    30.0,
    10.0,
    10.0,
    10.0,
    30.0,
    10.0,
    10.0,
    30.0,
    10.0,
    30.0,
    10.0,
    30.0,
    30.0,
    30.0,
    10.0,
    30.0,
    10.0,
    0.0,
    30.0,
    30.0,
    10.0,
    10.0,
    10.0,
    0.0,
    30.0,
    0.0,
    10.0,
    10.0,
    10.0,
    30.0,
    10.0,
    10.0,
    30.0,
    30.0,
    30.0,
    30.0,
    30.0,
    30.0,
    10.0,
    30.0,
    30.0,
    30.0,
    30.0,
    30.0,
    30.0,
    10.0,
    30.0,
    30.0,
    10.0,
    30.0,
    30.0,
    30.0,
    10.0,
    10.0,
    30.0,
    10.0,
    10.0,
    30.0,
    0.0,
    10.0,
    30.0,
    10.0,
    10.0,
    30.0,
    30.0,
    30.0,
    30.0,
    30.0,
    10.0,
    30.0,
    30.0,
    30.0,
    10.0,
    10.0,
    10.0,
    30.0,
    10.0,
    30.0,
    30.0,
    10.0,
    30.0,
    10.0,
    10.0,
    0.0,
    30.0,
    30.0,
    30.0,
    30.0,
    10.0,
    30.0,
    10.0,
    30.0,
    30.0,
    30.0,
    10.0,
    30.0,
    30.0,
    10.0,
    10.0,
    10.0,
    10.0,
    30.0,
    0.0,
    30.0,
    0.0,
    30.0,
    30.0,
    30.0,
    10.0,
    30.0,
    10.0,
    30.0,
    10.0,
    30.0,
    30.0,
    30.0,
    10.0,
    10.0,
    30.0,
    30.0,
    0.0,
    30.0,
    10.0,
    30.0,
    30.0,
    10.0,
    10.0,
    30.0,
    30.0,
    10.0,
    30.0,
    10.0,
    30.0,
    10.0,
    30.0,
    30.0,
    10.0,
    30.0,
    30.0,
    30.0,
    30.0,
    30.0,
    30.0,
    10.0,
    30.0,
    30.0,
    10.0,
    10.0,
    30.0,
    10.0,
    10.0,
    30.0,
    30.0,
    30.0,
    30.0,
    10.0,
    10.0,
    30.0,
    10.0,
    30.0,
    10.0,
    30.0,
    10.0,
    30.0,
    10.0,
    0.0,
    30.0,
    10.0,
    30.0,
    30.0,
    30.0,
    30.0,
    30.0,
    30.0,
    30.0,
    30.0,
    30.0,
    10.0,
    30.0,
    30.0,
    10.0,
    30.0,
    30.0,
    30.0,
    10.0,
    30.0,
    30.0,
    30.0,
    30.0,
    30.0,
    30.0,
    30.0,
    30.0,
    30.0,
    10.0,
    30.0,
    10.0,
    10.0,
    30.0,
    30.0,
    30.0,
    30.0,
    10.0,
    0.0,
    0.0,
    10.0,
    30.0,
    30.0,
    30.0,
    30.0,
    30.0,
    10.0,
    30.0,
    30.0,
    10.0,
    30.0,
    10.0,
    10.0,
    10.0,
    30.0,
    30.0,
    30.0,
    30.0,
    10.0,
    30.0,
    10.0,
    30.0,
    30.0,
    10.0,
    10.0,
    30.0,
    30.0,
    30.0,
    30.0,
    10.0,
    30.0,
    10.0,
    30.0,
    30.0,
    30.0,
