{
  "avg_reward": 13.12,
  "std_reward": 13.522780779114923,
  "success_rate": 0.373,
  "avg_episode_length": 636.868,
  "std_episode_length": 470.82194360076295,
  "avg_success_episode_length": 26.455764075067023,
  "std_success_episode_length": 5.9232173950439035,
  "episode_rewards": [
    30.0,
    30.0,
    10.0,
    0.0,
    10.0,
    30.0,
    0.0,
    10.0,
    0.0,
    0.0,
    30.0,
    30.0,
    10.0,
    30.0,
    0.0,
    30.0,
    30.0,
    30.0,
    0.0,
    30.0,
    0.0,
    0.0,
    30.0,
    10.0,
    0.0,
    30.0,
    0.0,
    0.0,
    0.0,
    30.0,
    30.0,
    0.0,
    0.0,
    30.0,
    10.0,
    30.0,
    0.0,
    10.0,
    0.0,
    10.0,
    10.0,
    10.0,
    10.0,
    10.0,
    10.0,
    30.0,
    10.0,
    30.0,
    0.0,
    30.0,
    0.0,
    0.0,
    0.0,
    0.0,
    0.0,
    0.0,
    0.0,
    0.0,
    30.0,
    30.0,
    30.0,
    0.0,
    0.0,
    0.0,
    0.0,
    0.0,
    0.0,
    30.0,
    30.0,
    10.0,
    0.0,
    10.0,
    10.0,
    0.0,
    30.0,
    30.0,
    0.0,
    30.0,
    30.0,
    0.0,
    30.0,
    0.0,
    0.0,
    10.0,
    30.0,
    0.0,
    10.0,
    0.0,
    0.0,
    0.0,
    30.0,
    30.0,
    0.0,
    30.0,
    30.0,
    30.0,
    30.0,
    0.0,
    0.0,
    30.0,
    10.0,
    30.0,
    10.0,
    0.0,
    30.0,
    0.0,
    0.0,
    30.0,
    30.0,
    30.0,
    0.0,
    0.0,
    30.0,
    30.0,
    30.0,
    0.0,
    30.0,
    30.0,
    0.0,
    30.0,
    30.0,
    10.0,
    0.0,
    10.0,
    30.0,
    0.0,
    30.0,
    0.0,
    0.0,
    10.0,
    0.0,
    30.0,
    30.0,
    10.0,
    0.0,
    30.0,
    30.0,
    0.0,
    30.0,
    10.0,
    10.0,
    30.0,
    0.0,
    30.0,
    10.0,
    0.0,
    0.0,
    30.0,
    10.0,
    0.0,
    30.0,
    10.0,
    30.0,
    30.0,
    0.0,
    0.0,
    30.0,
    30.0,
    10.0,
    0.0,
    30.0,
    0.0,
    10.0,
    0.0,
    10.0,
    10.0,
    30.0,
    30.0,
    0.0,
    10.0,
    0.0,
    30.0,
    30.0,
    30.0,
    30.0,
    30.0,
    0.0,
    10.0,
    10.0,
    30.0,
    0.0,
    30.0,
    30.0,
    30.0,
    0.0,
    10.0,
    10.0,
    30.0,
    0.0,
    0.0,
    30.0,
    30.0,
    0.0,
    0.0,
    10.0,
    0.0,
    0.0,
    30.0,
    0.0,
    30.0,
    30.0,
    0.0,
    30.0,
    30.0,
    30.0,
    0.0,
    0.0,
    30.0,
    0.0,
    0.0,
    10.0,
    30.0,
    30.0,
    0.0,
    0.0,
    30.0,
    0.0,
    0.0,
    0.0,
    30.0,
    0.0,
    30.0,
    10.0,
    10.0,
    30.0,
    30.0,
    10.0,
    10.0,
    0.0,
    0.0,
    0.0,
    10.0,
    0.0,
    30.0,
    0.0,
    0.0,
    0.0,
    30.0,
    30.0,
    0.0,
    30.0,
    0.0,
    30.0,
    30.0,
    0.0,
    30.0,
    0.0,
    30.0,
    0.0,
    0.0,
    0.0,
    0.0,
    10.0,
    30.0,
    10.0,
    30.0,
    10.0,
    10.0,
    30.0,
    0.0,
    0.0,
    0.0,
    30.0,
    0.0,
    0.0,
    0.0,
    30.0,
    0.0,
    30.0,
    0.0,
    30.0,
    10.0,
    0.0,
    30.0,
    30.0,
    30.0,
    30.0,
    30.0,
    30.0,
    0.0,
    0.0,
    0.0,
    30.0,
    0.0,
    10.0,
    30.0,
    30.0,
    0.0,
    30.0,
    10.0,
    30.0,
    30.0,
    30.0,
    30.0,
    0.0,
    30.0,
    30.0,
    10.0,
    30.0,
    30.0,
    10.0,
    10.0,
    10.0,
    0.0,
    10.0,
    0.0,
    0.0,
    30.0,
    10.0,
    0.0,
    30.0,
    0.0,
    30.0,
    30.0,
    30.0,
    10.0,
    0.0,
    30.0,
    10.0,
    30.0,
    0.0,
    0.0,
    30.0,
    30.0,
    10.0,
    0.0,
    0.0,
    0.0,
    0.0,
    30.0,
    10.0,
    10.0,
    0.0,
    0.0,
    10.0,
    30.0,
    30.0,
    30.0,
    0.0,
    10.0,
    30.0,
    0.0,
    0.0,
    0.0,
    30.0,
    10.0,
    0.0,
    0.0,
    0.0,
    30.0,
    0.0,
    0.0,
    0.0,
    30.0,
    10.0,
    30.0,
    30.0,
    30.0,
    30.0,
    30.0,
    30.0,
    30.0,
    0.0,
    0.0,
    30.0,
    0.0,
    10.0,
    30.0,
    30.0,
    30.0,
    30.0,
    0.0,
    0.0,
    0.0,
    30.0,
    30.0,
    0.0,
    30.0,
    30.0,
    0.0,
    30.0,
    10.0,
    30.0,
    10.0,
    30.0,
    10.0,
    10.0,
    0.0,
    10.0,
    0.0,
    0.0,
    30.0,
    0.0,
    10.0,
    30.0,
    0.0,
    30.0,
    0.0,
    10.0,
    0.0,
    30.0,
    10.0,
    0.0,
    0.0,
    0.0,
    30.0,
    0.0,
    10.0,
    30.0,
    0.0,
    30.0,
    30.0,
    30.0,
    30.0,
    0.0,
    0.0,
    10.0,
    0.0,
    0.0,
    30.0,
    10.0,
    0.0,
    0.0,
    0.0,
    30.0,
    0.0,
    30.0,
    30.0,
    0.0,
    0.0,
    10.0,
    0.0,
    0.0,
    0.0,
    30.0,
    0.0,
    0.0,
    30.0,
    0.0,
    0.0,
    30.0,
    30.0,
    0.0,
    10.0,
    0.0,
    0.0,
    10.0,
    0.0,
    10.0,
    0.0,
    30.0,
    30.0,
    0.0,
    0.0,
    0.0,
    0.0,
    0.0,
    0.0,
    0.0,
    10.0,
    10.0,
    30.0,
    10.0,
    0.0,
    30.0,
    10.0,
    0.0,
    30.0,
    30.0,
    10.0,
    30.0,
    0.0,
    0.0,
    10.0,
    30.0,
    0.0,
    30.0,
    0.0,
    10.0,
    0.0,
    10.0,
    0.0,
    0.0,
    30.0,
    30.0,
    0.0,
    30.0,
    0.0,
    30.0,
    0.0,
    0.0,
    30.0,
    0.0,
    30.0,
    0.0,
    30.0,
    30.0,
    0.0,
    30.0,
    30.0,
    0.0,
    0.0,
    10.0,
    10.0,
    0.0,
    0.0,
    0.0,
    30.0,
    10.0,
    0.0,
    10.0,
    10.0,
    10.0,
    0.0,
    0.0,
    0.0,
    30.0,
    30.0,
    10.0,
    30.0,
    30.0,
    0.0,
    0.0,
    10.0,
    30.0,
    0.0,
    30.0,
    30.0,
    10.0,
    0.0,
    0.0,
    10.0,
    10.0,
    30.0,
    0.0,
    10.0,
    30.0,
    10.0,
    0.0,
    10.0,
    30.0,
    30.0,
    10.0,
    30.0,
    10.0,
    0.0,
    0.0,
    0.0,
    10.0,
    30.0,
    10.0,
    0.0,
    30.0,
    30.0,
    10.0,
    10.0,
    10.0,
    0.0,
    30.0,
    0.0,
    10.0,
    10.0,
    10.0,
    30.0,
    10.0,
    30.0,
    0.0,
    0.0,
    0.0,
    30.0,
    0.0,
    0.0,
    30.0,
    0.0,
    0.0,
    0.0,
    0.0,
    30.0,
    30.0,
    10.0,
    0.0,
    0.0,
    30.0,
    0.0,
    30.0,
    0.0,
    10.0,
    10.0,
    30.0,
    10.0,
    10.0,
    0.0,
    0.0,
    10.0,
    0.0,
    30.0,
    10.0,
    0.0,
    0.0,
    30.0,
    0.0,
    30.0,
    30.0,
    0.0,
    0.0,
    0.0,
    10.0,
    30.0,
    30.0,
    30.0,
    10.0,
    30.0,
    0.0,
    30.0,
    0.0,
    0.0,
    10.0,
    0.0,
    0.0,
    0.0,
    0.0,
    0.0,
    10.0,
    0.0,
    30.0,
    30.0,
    30.0,
    0.0,
    30.0,
    0.0,
    0.0,
    10.0,
    10.0,
    30.0,
    10.0,
    0.0,
    0.0,
    0.0,
    0.0,
    30.0,
    0.0,
    30.0,
    10.0,
    0.0,
    30.0,
    0.0,
    30.0,
    0.0,
    0.0,
    0.0,
    10.0,
    30.0,
    0.0,
    0.0,
    0.0,
    0.0,
    30.0,
    0.0,
    30.0,
    30.0,
    30.0,
    30.0,
    0.0,
    10.0,
    0.0,
    10.0,
    0.0,
    10.0,
    30.0,
    0.0,
    30.0,
    30.0,
    0.0,
    30.0,
    0.0,
    0.0,
    30.0,
    10.0,
    30.0,
    0.0,
    10.0,
    10.0,
    0.0,
    30.0,
    10.0,
    30.0,
    30.0,
    30.0,
    30.0,
    30.0,
    10.0,
    0.0,
    30.0,
    0.0,
    10.0,
    0.0,
    30.0,
    0.0,
    30.0,
    0.0,
    0.0,
    30.0,
    0.0,
    0.0,
    0.0,
    0.0,
    0.0,
    0.0,
    0.0,
    0.0,
    0.0,
    10.0,
    0.0,
    30.0,
    10.0,
    0.0,
    0.0,
    0.0,
    10.0,
    0.0,
    30.0,
    30.0,
    0.0,
    0.0,
    30.0,
    0.0,
    0.0,
    0.0,
    30.0,
    0.0,
    30.0,
    10.0,
    0.0,
    0.0,
    0.0,
    0.0,
    10.0,
    0.0,
    0.0,
    10.0,
    30.0,
    30.0,
    0.0,
    0.0,
    30.0,
    30.0,
    0.0,
    30.0,
    10.0,
    30.0,
    10.0,
    30.0,
    10.0,
    0.0,
    0.0,
    0.0,
    30.0,
    10.0,
    30.0,
    10.0,
    30.0,
    0.0,
    10.0,
    10.0,
    0.0,
    30.0,
    0.0,
    0.0,
    10.0,
    30.0,
    10.0,
    30.0,
    30.0,
    0.0,
    30.0,
    0.0,
    0.0,
    30.0,
    0.0,
    0.0,
    0.0,
    30.0,
    30.0,
    0.0,
    30.0,
    0.0,
    0.0,
    30.0,
    0.0,
    30.0,
    10.0,
    0.0,
    30.0,
    30.0,
    30.0,
    0.0,
    30.0,
    10.0,
    30.0,
    0.0,
    30.0,
    10.0,
    0.0,
    30.0,
    0.0,
