{
  "avg_reward": 5.62,
  "std_reward": 7.938236579996844,
  "success_rate": 0.064,
  "avg_episode_length": 937.638,
  "std_episode_length": 238.49221571363705,
  "avg_success_episode_length": 25.59375,
  "std_success_episode_length": 5.051975943875822,
  "episode_rewards": [
    30.0,
    10.0,
    10.0,
    0.0,
    10.0,
    10.0,
    0.0,
    10.0,
    0.0,
    10.0,
    0.0,
    10.0,
    10.0,
    10.0,
    0.0,
    10.0,
    10.0,
    0.0,
    0.0,
    10.0,
    0.0,
    10.0,
    0.0,
    10.0,
    0.0,
    0.0,
    0.0,
    10.0,
    0.0,
    10.0,
    30.0,
    0.0,
    0.0,
    0.0,
    10.0,
    0.0,
    0.0,
    10.0,
    0.0,
    0.0,
    10.0,
    10.0,
    10.0,
    10.0,
    10.0,
    0.0,
    10.0,
    0.0,
    10.0,
    10.0,
    0.0,
    0.0,
    0.0,
    0.0,
    0.0,
    0.0,
    0.0,
    0.0,
    30.0,
    0.0,
    30.0,
    0.0,
    0.0,
    0.0,
    0.0,
    0.0,
    0.0,
    10.0,
    30.0,
    10.0,
    0.0,
    10.0,
    0.0,
    0.0,
    10.0,
    0.0,
    0.0,
    10.0,
    10.0,
    0.0,
    0.0,
    0.0,
    0.0,
    10.0,
    10.0,
    0.0,
    10.0,
    0.0,
    0.0,
    0.0,
    10.0,
    0.0,
    10.0,
    10.0,
    10.0,
    10.0,
    10.0,
    0.0,
    0.0,
    0.0,
    10.0,
    0.0,
    10.0,
    0.0,
    0.0,
    0.0,
    0.0,
    10.0,
    0.0,
    10.0,
    0.0,
    0.0,
    0.0,
    0.0,
    0.0,
    0.0,
    10.0,
    10.0,
    0.0,
    10.0,
    0.0,
    10.0,
    0.0,
    10.0,
    0.0,
    0.0,
    10.0,
    0.0,
    0.0,
    10.0,
    0.0,
    0.0,
    0.0,
    10.0,
    0.0,
    0.0,
    10.0,
    0.0,
    10.0,
    10.0,
    10.0,
    10.0,
    0.0,
    0.0,
    10.0,
    0.0,
    0.0,
    30.0,
    10.0,
    0.0,
    10.0,
    0.0,
    0.0,
    10.0,
    0.0,
    0.0,
    10.0,
    0.0,
    10.0,
    0.0,
    0.0,
    0.0,
    10.0,
    0.0,
    0.0,
    10.0,
    10.0,
    0.0,
    0.0,
    10.0,
    0.0,
    10.0,
    10.0,
    10.0,
    0.0,
    10.0,
    30.0,
    10.0,
    10.0,
    10.0,
    0.0,
    0.0,
    0.0,
    0.0,
    0.0,
    10.0,
    10.0,
    0.0,
    0.0,
    0.0,
    0.0,
    30.0,
    0.0,
    0.0,
    10.0,
    0.0,
    0.0,
    0.0,
    0.0,
    30.0,
    10.0,
    0.0,
    10.0,
    10.0,
    0.0,
    0.0,
    0.0,
    0.0,
    0.0,
    0.0,
    0.0,
    10.0,
    0.0,
    0.0,
    0.0,
    10.0,
    0.0,
    10.0,
    10.0,
    10.0,
    0.0,
    10.0,
    10.0,
    10.0,
    0.0,
    10.0,
    10.0,
    10.0,
    0.0,
    0.0,
    0.0,
    10.0,
    0.0,
    10.0,
    0.0,
    0.0,
    0.0,
    30.0,
    10.0,
    0.0,
    0.0,
    0.0,
    10.0,
    10.0,
    0.0,
    0.0,
    0.0,
    0.0,
    0.0,
    10.0,
    0.0,
    0.0,
    10.0,
    0.0,
    10.0,
    10.0,
    10.0,
    10.0,
    0.0,
    0.0,
    0.0,
    0.0,
    0.0,
    0.0,
    0.0,
    10.0,
    10.0,
    0.0,
    0.0,
    0.0,
    0.0,
    10.0,
    0.0,
    30.0,
    30.0,
    10.0,
    10.0,
    30.0,
    10.0,
    0.0,
    0.0,
    0.0,
    10.0,
    0.0,
    10.0,
    30.0,
    0.0,
    0.0,
    30.0,
    10.0,
    10.0,
    10.0,
    0.0,
    10.0,
    0.0,
    30.0,
    0.0,
    10.0,
    0.0,
    0.0,
    10.0,
    10.0,
    10.0,
    0.0,
    10.0,
    0.0,
    10.0,
    0.0,
    10.0,
    0.0,
    30.0,
    0.0,
    10.0,
    0.0,
    0.0,
    10.0,
    10.0,
    0.0,
    10.0,
    10.0,
    0.0,
    0.0,
    10.0,
    10.0,
    10.0,
    0.0,
    0.0,
    0.0,
    0.0,
    0.0,
    10.0,
    10.0,
    0.0,
    0.0,
    10.0,
    0.0,
    10.0,
    30.0,
    0.0,
    10.0,
    10.0,
    0.0,
    0.0,
    0.0,
    0.0,
    10.0,
    0.0,
    0.0,
    0.0,
    30.0,
    0.0,
    10.0,
    0.0,
    0.0,
    10.0,
    30.0,
    0.0,
    0.0,
    0.0,
    10.0,
    10.0,
    0.0,
    0.0,
    0.0,
    0.0,
    0.0,
    10.0,
    0.0,
    10.0,
    10.0,
    30.0,
    0.0,
    0.0,
    0.0,
    0.0,
    10.0,
    0.0,
    0.0,
    10.0,
    0.0,
    10.0,
    10.0,
    0.0,
    10.0,
    10.0,
    10.0,
    10.0,
    0.0,
    10.0,
    0.0,
    10.0,
    0.0,
    0.0,
    10.0,
    0.0,
    0.0,
    0.0,
    0.0,
    10.0,
    0.0,
    0.0,
    10.0,
    0.0,
    30.0,
    0.0,
    0.0,
    0.0,
    10.0,
    0.0,
    0.0,
    0.0,
    10.0,
    30.0,
    0.0,
    0.0,
    0.0,
    10.0,
    0.0,
    0.0,
    0.0,
    10.0,
    0.0,
    0.0,
    0.0,
    10.0,
    0.0,
    10.0,
    10.0,
    0.0,
    0.0,
    10.0,
    0.0,
    0.0,
    0.0,
    10.0,
    0.0,
    0.0,
    10.0,
    0.0,
    0.0,
    0.0,
    10.0,
    0.0,
    10.0,
    0.0,
    0.0,
    10.0,
    0.0,
    10.0,
    0.0,
    0.0,
    10.0,
    0.0,
    0.0,
    10.0,
    0.0,
    10.0,
    0.0,
    0.0,
    10.0,
    10.0,
    10.0,
    10.0,
    0.0,
    0.0,
    10.0,
    0.0,
    0.0,
    10.0,
    10.0,
    10.0,
    0.0,
    10.0,
    10.0,
    0.0,
    10.0,
    30.0,
    0.0,
    10.0,
    0.0,
    10.0,
    0.0,
    10.0,
    0.0,
    10.0,
    0.0,
    0.0,
    0.0,
    0.0,
    10.0,
    0.0,
    10.0,
    0.0,
    0.0,
    0.0,
    10.0,
    30.0,
    0.0,
    0.0,
    0.0,
    0.0,
    0.0,
    10.0,
    10.0,
    0.0,
    0.0,
    0.0,
    0.0,
    10.0,
    0.0,
    10.0,
    0.0,
    10.0,
    0.0,
    0.0,
    0.0,
    30.0,
    10.0,
    10.0,
    0.0,
    0.0,
    0.0,
    0.0,
    10.0,
    10.0,
    0.0,
    10.0,
    10.0,
    10.0,
    0.0,
    0.0,
    10.0,
    0.0,
    0.0,
    0.0,
    10.0,
    0.0,
    10.0,
    0.0,
    10.0,
    10.0,
    0.0,
    10.0,
    30.0,
    10.0,
    0.0,
    0.0,
    0.0,
    10.0,
    30.0,
    10.0,
    0.0,
    10.0,
    30.0,
    10.0,
    0.0,
    10.0,
    0.0,
    0.0,
    0.0,
    10.0,
    10.0,
    10.0,
    10.0,
    10.0,
    10.0,
    30.0,
    0.0,
    0.0,
    0.0,
    0.0,
    0.0,
    10.0,
    0.0,
    0.0,
    0.0,
    0.0,
    0.0,
    30.0,
    10.0,
    0.0,
    0.0,
    10.0,
    0.0,
    0.0,
    0.0,
    10.0,
    0.0,
    0.0,
    0.0,
    10.0,
    0.0,
    0.0,
    10.0,
    0.0,
    10.0,
    10.0,
    0.0,
    0.0,
    30.0,
    0.0,
    0.0,
    10.0,
    0.0,
    0.0,
    10.0,
    10.0,
    10.0,
    10.0,
    0.0,
    10.0,
    30.0,
    0.0,
    10.0,
    0.0,
    10.0,
    10.0,
    0.0,
    0.0,
    0.0,
    0.0,
    0.0,
    10.0,
    0.0,
    10.0,
    10.0,
    0.0,
    0.0,
    10.0,
    0.0,
    0.0,
    10.0,
    10.0,
    10.0,
    10.0,
    0.0,
    0.0,
    30.0,
    0.0,
    0.0,
    0.0,
    0.0,
    10.0,
    0.0,
    10.0,
    0.0,
    10.0,
    0.0,
    0.0,
    0.0,
    10.0,
    10.0,
    0.0,
    0.0,
    0.0,
    0.0,
    10.0,
    0.0,
    0.0,
    10.0,
    10.0,
    0.0,
    0.0,
    10.0,
    0.0,
    10.0,
    0.0,
    10.0,
    0.0,
    0.0,
    10.0,
    30.0,
    30.0,
    0.0,
    10.0,
    0.0,
    0.0,
    10.0,
    0.0,
    0.0,
    10.0,
    10.0,
    0.0,
    10.0,
    10.0,
    10.0,
    0.0,
    0.0,
    0.0,
    10.0,
    10.0,
    0.0,
    10.0,
    0.0,
    10.0,
    0.0,
    10.0,
    0.0,
    10.0,
    0.0,
    0.0,
    0.0,
    0.0,
    0.0,
    0.0,
    0.0,
    0.0,
    0.0,
    0.0,
    0.0,
    0.0,
    10.0,
    0.0,
    10.0,
    10.0,
    0.0,
    0.0,
    0.0,
    10.0,
    0.0,
    30.0,
    30.0,
    0.0,
    0.0,
    30.0,
    0.0,
    0.0,
    10.0,
    10.0,
    0.0,
    10.0,
    10.0,
    0.0,
    0.0,
    0.0,
    30.0,
    10.0,
    0.0,
    0.0,
    10.0,
    10.0,
    0.0,
    0.0,
    0.0,
    30.0,
    10.0,
    0.0,
    10.0,
    10.0,
    0.0,
    10.0,
    10.0,
    10.0,
    0.0,
    0.0,
    0.0,
    0.0,
    10.0,
    0.0,
    0.0,
    30.0,
    10.0,
    10.0,
    10.0,
    0.0,
    0.0,
    0.0,
    0.0,
    10.0,
    30.0,
    10.0,
    30.0,
    0.0,
    0.0,
    10.0,
    0.0,
    0.0,
    30.0,
    0.0,
    0.0,
    0.0,
    30.0,
    10.0,
    0.0,
    30.0,
    0.0,
    0.0,
    10.0,
    0.0,
    30.0,
    10.0,
    0.0,
    0.0,
    10.0,
    30.0,
    0.0,
    0.0,
    0.0,
    30.0,
    0.0,
    0.0,
    10.0,
    0.0,
    10.0,
    0.0,
    10.0,
    0.0,
    10.0,
    10.0,
    10.0,
    10.0,
    0.0,
    30.0,
    10.0,
    0.0,
    0.0,
    0.0,
    0.0,
